ID	Startzeit	Fertigstellungszeit	E-Mail	Name	Aussprache	Aufwachsen	Lebensmittelpunkt	Alter
3	3.25.20 9:35:01	3.25.20 9:35:25	anonymous		karantäne	Sachsen	Sachsen	18-30
4	3.25.20 9:36:45	3.25.20 9:37:18	anonymous		karantäne	Baden-Württemberg	Berlin	31-40
5	3.25.20 9:36:53	3.25.20 9:37:31	anonymous		karantäne	Baden-Württemberg	Baden-Württemberg	31-40
6	3.25.20 9:40:46	3.25.20 9:41:09	anonymous		karantäne	Hamburg	Hamburg	31-40
7	3.25.20 9:43:50	3.25.20 9:45:03	anonymous		karantäne	Sachsen	Sachsen	18-30
8	3.25.20 9:43:08	3.25.20 9:45:15	anonymous		karantäne	Bayern	Schweiz	31-40
9	3.25.20 9:49:25	3.25.20 9:49:47	anonymous		karantäne	Schleswig-Holstein	Schleswig-Holstein	18-30
10	3.25.20 9:50:40	3.25.20 9:51:04	anonymous		karantäne	Sachsen	Sachsen	18-30
11	3.25.20 9:53:16	3.25.20 9:54:02	anonymous		karantäne	Baden-Württemberg	Berlin	18-30
12	3.25.20 9:53:50	3.25.20 9:54:32	anonymous		karantäne	Nordrhein-Westfalen	Nordrhein-Westfalen	31-40
13	3.25.20 9:54:48	3.25.20 9:55:12	anonymous		karantäne	Baden-Württemberg	Sachsen	18-30
14	3.25.20 9:55:00	3.25.20 9:55:36	anonymous		karantäne	Sachsen	Sachsen	18-30
15	3.25.20 9:58:35	3.25.20 9:59:14	anonymous		karantäne	Nordrhein-Westfalen	Nordrhein-Westfalen	18-30
16	3.25.20 10:02:35	3.25.20 10:03:43	anonymous		karantäne	Niedersachsen	Baden-Württemberg	51-60
17	3.25.20 10:04:07	3.25.20 10:04:42	anonymous		karantäne	Baden-Württemberg	Baden-Württemberg	31-40
18	3.25.20 10:09:13	3.25.20 10:09:41	anonymous		karantäne	Berlin	Berlin	31-40
19	3.25.20 10:10:38	3.25.20 10:13:13	anonymous		kwarantäne	Italien 	Baden-Württemberg	51-60
20	3.25.20 10:19:05	3.25.20 10:20:06	anonymous		karantäne	Schleswig-Holstein	Sachsen	31-40
21	3.25.20 10:21:09	3.25.20 10:21:55	anonymous		karantäne	Berlin	Berlin	18-30
22	3.25.20 10:22:52	3.25.20 10:23:30	anonymous		karantäne	Sachsen	Sachsen	18-30
23	3.25.20 10:27:32	3.25.20 10:28:08	anonymous		karantäne	Baden-Württemberg	Mecklenburg-Vorpommern	18-30
24	3.25.20 10:28:08	3.25.20 10:28:43	anonymous		karantäne	Niedersachsen	Niedersachsen	51-60
25	3.25.20 10:30:36	3.25.20 10:31:02	anonymous		karantäne	Bayern	Bayern	31-40
26	3.25.20 10:30:49	3.25.20 10:31:24	anonymous		karantäne	Sachsen-Anhalt	Sachsen	18-30
27	3.25.20 10:31:09	3.25.20 10:31:34	anonymous		karantäne	Baden-Württemberg	Nordrhein-Westfalen	18-30
28	3.25.20 10:31:24	3.25.20 10:32:17	anonymous		karantäne	Nordrhein-Westfalen	Mecklenburg-Vorpommern	51-60
29	3.25.20 10:30:38	3.25.20 10:36:14	anonymous		karantäne	Berlin	Brandenburg	41-50
30	3.25.20 10:58:48	3.25.20 10:59:17	anonymous		karantäne	Sachsen-Anhalt	Sachsen	31-40
31	3.25.20 11:02:42	3.25.20 11:03:23	anonymous		karantäne	Sachsen-Anhalt	Niedersachsen	18-30
32	3.25.20 11:04:54	3.25.20 11:05:39	anonymous		karantäne	Nordrhein-Westfalen	Rheinland-Pfalz	31-40
33	3.25.20 11:06:35	3.25.20 11:07:08	anonymous		karantäne	Sachsen	Mecklenburg-Vorpommern	18-30
34	3.25.20 11:08:42	3.25.20 11:09:07	anonymous		karantäne	Hamburg	Hamburg	51-60
35	3.25.20 11:12:28	3.25.20 11:13:13	anonymous		karantäne	Mecklenburg-Vorpommern	Mecklenburg-Vorpommern	18-30
36	3.25.20 11:13:51	3.25.20 11:14:52	anonymous		karantäne	Niedersachsen	Hessen	31-40
37	3.25.20 11:20:38	3.25.20 11:21:28	anonymous		karantäne	Nordrhein-Westfalen	Nordrhein-Westfalen	18-30
38	3.25.20 11:24:11	3.25.20 11:24:36	anonymous		kwarantäne	Hessen	Baden-Württemberg	18-30
39	3.25.20 11:25:41	3.25.20 11:27:00	anonymous		karantäne	Sachsen-Anhalt	Mecklenburg-Vorpommern	18-30
40	3.25.20 11:36:21	3.25.20 11:36:43	anonymous		karantäne	Saarland	Berlin	31-40
41	3.25.20 11:39:55	3.25.20 11:40:31	anonymous		karantäne	Mecklenburg-Vorpommern	Mecklenburg-Vorpommern	18-30
42	3.25.20 11:43:58	3.25.20 11:44:16	anonymous		karantäne	Mecklenburg-Vorpommern	Mecklenburg-Vorpommern	31-40
43	3.25.20 11:49:04	3.25.20 11:49:53	anonymous		karantäne	Saarland	Bayern	31-40
44	3.25.20 11:51:05	3.25.20 11:51:23	anonymous		karantäne	Nordrhein-Westfalen	Nordrhein-Westfalen	31-40
45	3.25.20 11:59:22	3.25.20 11:59:46	anonymous		kwarantäne	Berlin	Berlin	18-30
46	3.25.20 12:05:26	3.25.20 12:06:00	anonymous		karantäne	Mecklenburg-Vorpommern	Mecklenburg-Vorpommern	31-40
47	3.25.20 11:45:09	3.25.20 12:10:03	anonymous		karantäne	Mecklenburg-Vorpommern	Mecklenburg-Vorpommern	18-30
48	3.25.20 12:10:04	3.25.20 12:10:44	anonymous		karantäne	Berlin	Berlin	18-30
49	3.25.20 12:12:39	3.25.20 12:13:28	anonymous		karantäne	Bayern	Mecklenburg-Vorpommern	18-30
50	3.25.20 12:18:00	3.25.20 12:18:24	anonymous		karantäne	Schleswig-Holstein	Schleswig-Holstein	18-30
51	3.25.20 12:24:04	3.25.20 12:24:34	anonymous		kwarantäne	Bayern	Berlin	31-40
52	3.25.20 12:25:36	3.25.20 12:26:27	anonymous		kwarantäne	Bayern	Bayern	41-50
53	3.25.20 12:51:10	3.25.20 12:51:40	anonymous		karantäne	Schleswig-Holstein	Mecklenburg-Vorpommern	18-30
54	3.25.20 13:00:47	3.25.20 13:01:11	anonymous		karantäne	Thüringen	Thüringen	18-30
55	3.25.20 13:08:18	3.25.20 13:08:45	anonymous		karantäne	Bayern	Thüringen	41-50
56	3.25.20 13:09:41	3.25.20 13:10:07	anonymous		karantäne	Nordrhein-Westfalen	Nordrhein-Westfalen	31-40
57	3.25.20 13:47:45	3.25.20 13:49:28	anonymous		Karantene 	Sachsen	Hessen	18-30
58	3.25.20 14:31:39	3.25.20 14:32:00	anonymous		karantäne	Mecklenburg-Vorpommern	Mecklenburg-Vorpommern	31-40
59	3.25.20 14:32:14	3.25.20 14:32:45	anonymous		karantäne	Rheinland-Pfalz	Mecklenburg-Vorpommern	18-30
60	3.25.20 14:37:45	3.25.20 14:38:14	anonymous		karantäne	Sachsen	Sachsen	31-40
61	3.25.20 14:41:07	3.25.20 14:41:49	anonymous		karantäne	Schleswig-Holstein	Mecklenburg-Vorpommern	18-30
62	3.25.20 14:53:11	3.25.20 14:53:39	anonymous		kwarantäne	Mecklenburg-Vorpommern	Mecklenburg-Vorpommern	31-40
63	3.25.20 15:00:28	3.25.20 15:01:09	anonymous		karantäne	Sachsen	Noch England, bald wieder Greifswald 	18-30
64	3.25.20 15:06:52	3.25.20 15:07:24	anonymous		karantäne	Hessen	Hamburg	51-60
65	3.25.20 15:22:22	3.25.20 15:23:06	anonymous		karantäne	Berlin	Berlin	31-40
66	3.25.20 15:25:27	3.25.20 15:25:50	anonymous		kwarantäne	Nordrhein-Westfalen	Bremen	41-50
67	3.25.20 15:24:49	3.25.20 15:26:16	anonymous		karantäne	Baden-Württemberg	Berlin	41-50
68	3.25.20 15:27:07	3.25.20 15:28:09	anonymous		karantäne	Niedersachsen	Berlin	41-50
69	3.25.20 15:30:28	3.25.20 15:31:29	anonymous		karantäne	Nordrhein-Westfalen	Nordrhein-Westfalen	31-40
70	3.25.20 15:39:50	3.25.20 15:40:21	anonymous		karantäne	Berlin	Berlin	31-40
71	3.25.20 15:41:00	3.25.20 15:41:26	anonymous		karantäne	Berlin	Berlin	18-30
72	3.25.20 15:47:54	3.25.20 15:48:09	anonymous		kwarantäne	Baden-Württemberg	Baden-Württemberg	18-30
73	3.25.20 15:52:17	3.25.20 15:53:08	anonymous		karantäne	Mecklenburg-Vorpommern	Mecklenburg-Vorpommern	18-30
74	3.25.20 15:54:06	3.25.20 15:54:30	anonymous		karantäne	Nordrhein-Westfalen	Mecklenburg-Vorpommern	18-30
75	3.25.20 15:54:15	3.25.20 15:55:02	anonymous		karantäne	Baden-Württemberg	Berlin	31-40
76	3.25.20 16:02:48	3.25.20 16:04:58	anonymous		karantäne	Thüringen & Sachsen	Sachsen	31-40
77	3.25.20 16:07:04	3.25.20 16:08:06	anonymous		karantäne	Niedersachsen	Niedersachsen	18-30
78	3.25.20 16:08:18	3.25.20 16:08:40	anonymous		karantäne	Nordrhein-Westfalen	Nordrhein-Westfalen	31-40
79	3.25.20 16:08:52	3.25.20 16:09:41	anonymous		karantäne	Brandenburg	Berlin	41-50
80	3.25.20 16:09:52	3.25.20 16:10:18	anonymous		karantäne	Hessen	Hessen	31-40
81	3.25.20 16:14:17	3.25.20 16:14:41	anonymous		kwarantäne	Berlin	Brandenburg	31-40
82	3.25.20 16:17:21	3.25.20 16:17:51	anonymous		karantäne	Brandenburg	Mecklenburg-Vorpommern	18-30
83	3.25.20 16:18:53	3.25.20 16:19:34	anonymous		kwarantäne	Sachsen	Sachsen	31-40
84	3.25.20 16:21:10	3.25.20 16:21:32	anonymous		kwarantäne	Sachsen	Sachsen	18-30
85	3.25.20 16:24:48	3.25.20 16:25:14	anonymous		karantäne	Hessen	Berlin	41-50
86	3.25.20 16:40:17	3.25.20 16:41:24	anonymous		karantäne	Mecklenburg-Vorpommern	Sachsen	31-40
87	3.25.20 16:48:36	3.25.20 16:49:49	anonymous		karantäne	Niedersachsen	Nordrhein-Westfalen	31-40
88	3.25.20 16:49:44	3.25.20 16:50:54	anonymous		karantäne	Niedersachsen	Mecklenburg-Vorpommern	18-30
89	3.25.20 16:50:07	3.25.20 16:51:06	anonymous		kwarantäne	Sachsen	Sachsen	51-60
90	3.25.20 16:52:25	3.25.20 16:54:54	anonymous		karantäne	Nordrhein-Westfalen	Bayern	41-50
91	3.25.20 16:54:13	3.25.20 16:54:56	anonymous		kwarantäne	Bayern	Berlin	31-40
92	3.25.20 16:55:02	3.25.20 16:55:30	anonymous		karantäne	Nordrhein-Westfalen	Nordrhein-Westfalen	31-40
93	3.25.20 16:55:12	3.25.20 16:55:40	anonymous		karantäne	Baden-Württemberg	Bayern	41-50
94	3.25.20 16:55:46	3.25.20 16:57:58	anonymous		karantäne	Sachsen	Sachsen	61-70
95	3.25.20 16:58:53	3.25.20 16:59:21	anonymous		kwarantäne	Nordrhein-Westfalen	Baden-Württemberg	31-40
96	3.25.20 16:59:07	3.25.20 16:59:52	anonymous		karantäne	Bayern	Schweiz	31-40
97	3.25.20 17:01:30	3.25.20 17:02:03	anonymous		karantäne	Nordrhein-Westfalen	Nordrhein-Westfalen	41-50
98	3.25.20 17:03:56	3.25.20 17:04:24	anonymous		kwarantäne	Niedersachsen	Hamburg	51-60
99	3.25.20 17:04:46	3.25.20 17:05:12	anonymous		karantäne	Berlin	Sachsen-Anhalt	41-50
100	3.25.20 17:04:47	3.25.20 17:05:35	anonymous		karantäne	Nordrhein-Westfalen	Baden-Württemberg	31-40
101	3.25.20 17:05:34	3.25.20 17:05:54	anonymous		karantäne	Sachsen	Bayern	41-50
102	3.25.20 17:07:39	3.25.20 17:08:29	anonymous		karantäne	Bayern	Bayern	31-40
103	3.25.20 17:10:43	3.25.20 17:11:12	anonymous		karantäne	Niedersachsen	Nordrhein-Westfalen	31-40
104	3.25.20 17:12:04	3.25.20 17:12:27	anonymous		karantäne	Schleswig-Holstein	Schleswig-Holstein	18-30
105	3.25.20 17:12:04	3.25.20 17:12:43	anonymous		karantäne	Hessen	Hessen	41-50
106	3.25.20 17:11:46	3.25.20 17:12:43	anonymous		kwarantäne	Baden-Württemberg	Baden-Württemberg	31-40
107	3.25.20 17:14:22	3.25.20 17:15:33	anonymous		karantäne	Serbien	Thüringen	41-50
108	3.25.20 17:16:06	3.25.20 17:16:36	anonymous		karantäne	Bayern	Bayern	31-40
109	3.25.20 17:16:09	3.25.20 17:16:39	anonymous		karantäne	Nordrhein-Westfalen	Sachsen-Anhalt	18-30
110	3.25.20 17:16:23	3.25.20 17:16:43	anonymous		kwarantäne	Bayern	Bayern	18-30
111	3.25.20 17:17:01	3.25.20 17:17:33	anonymous		karantäne	Berlin	Berlin	31-40
112	3.25.20 17:17:19	3.25.20 17:17:40	anonymous		karantäne	Baden-Württemberg	Baden-Württemberg	31-40
113	3.25.20 17:16:56	3.25.20 17:17:55	anonymous		kuarantäne	Südtirol 	Südtirol 	41-50
114	3.25.20 17:17:31	3.25.20 17:18:12	anonymous		Kwarantäne, bin aber zu faul das W auszusprechen und benutze deswegen karantäne.	Nordrhein-Westfalen	Nordrhein-Westfalen	18-30
115	3.25.20 17:17:49	3.25.20 17:18:22	anonymous		karantäne	Baden-Württemberg	Baden-Württemberg	18-30
116	3.25.20 17:18:24	3.25.20 17:18:52	anonymous		karantäne	Niedersachsen	Niedersachsen	18-30
117	3.25.20 17:18:40	3.25.20 17:18:58	anonymous		kwarantäne	Sachsen	Sachsen	18-30
118	3.25.20 17:19:13	3.25.20 17:20:53	anonymous		kwarantäne	Brandenburg	Mecklenburg-Vorpommern	51-60
119	3.25.20 17:20:22	3.25.20 17:21:12	anonymous		kwarantäne	Schweiz	Schweiz	31-40
120	3.25.20 17:20:58	3.25.20 17:21:15	anonymous		kwarantäne	Baden-Württemberg	Baden-Württemberg	31-40
121	3.25.20 17:20:51	3.25.20 17:21:20	anonymous		karantäne	Schleswig-Holstein	Hamburg	18-30
122	3.25.20 17:21:47	3.25.20 17:22:36	anonymous		karantäne	Berlin	Schweiz	31-40
123	3.25.20 17:22:30	3.25.20 17:22:43	anonymous		karantäne	Niedersachsen	Niedersachsen	18-30
124	3.25.20 17:22:11	3.25.20 17:22:58	anonymous		karantäne	Mecklenburg-Vorpommern	Mecklenburg-Vorpommern	18-30
125	3.25.20 17:22:38	3.25.20 17:23:03	anonymous		karantäne	Schleswig-Holstein	Nordrhein-Westfalen	31-40
126	3.25.20 17:23:12	3.25.20 17:23:48	anonymous		karantäne	Baden-Württemberg	Baden-Württemberg	18-30
127	3.25.20 17:23:53	3.25.20 17:24:11	anonymous		karantäne	Baden-Württemberg	Baden-Württemberg	18-30
128	3.25.20 17:23:49	3.25.20 17:24:27	anonymous		karantäne	Niedersachsen	Hamburg	18-30
129	3.25.20 17:23:05	3.25.20 17:24:44	anonymous		kwarantäne	Bayern	Schweiz	31-40
130	3.25.20 17:24:29	3.25.20 17:24:46	anonymous		karantäne	Hamburg	Bayern	18-30
131	3.25.20 17:24:35	3.25.20 17:24:56	anonymous		kwarantäne	Sachsen	Sachsen	41-50
132	3.25.20 17:24:34	3.25.20 17:25:07	anonymous		kwarantäne	Rheinland-Pfalz	UK	31-40
133	3.25.20 17:25:05	3.25.20 17:25:30	anonymous		kwarantäne	Baden-Württemberg	Baden-Württemberg	18-30
134	3.25.20 17:25:06	3.25.20 17:25:33	anonymous		kwarantäne	Brandenburg	Brandenburg	18-30
135	3.25.20 17:24:47	3.25.20 17:26:00	anonymous		kwarantäne	Mecklenburg-Vorpommern	Mecklenburg-Vorpommern	51-60
136	3.25.20 17:26:20	3.25.20 17:26:47	anonymous		karantäne	Nordrhein-Westfalen	Nordrhein-Westfalen	31-40
137	3.25.20 17:26:39	3.25.20 17:26:57	anonymous		karantäne	Nordrhein-Westfalen	Hessen	18-30
138	3.25.20 17:25:54	3.25.20 17:27:54	anonymous		karantäne	Niedersachsen	Nordrhein-Westfalen	18-30
139	3.25.20 17:25:43	3.25.20 17:28:01	anonymous		karantäne	Nordrhein-Westfalen	Nordrhein-Westfalen	31-40
140	3.25.20 17:28:05	3.25.20 17:28:25	anonymous		karantäne	Berlin	Sachsen	18-30
141	3.25.20 17:27:33	3.25.20 17:28:31	anonymous		karantäne	Bayern	Nordrhein-Westfalen	31-40
142	3.25.20 17:28:10	3.25.20 17:28:39	anonymous		karantäne	Berlin	Hamburg	31-40
143	3.25.20 17:28:30	3.25.20 17:28:45	anonymous		karantäne	Nordrhein-Westfalen	Nordrhein-Westfalen	31-40
144	3.25.20 17:28:56	3.25.20 17:29:12	anonymous		kwarantäne	Nordrhein-Westfalen	Nordrhein-Westfalen	18-30
145	3.25.20 17:28:29	3.25.20 17:29:56	anonymous		karantäne	Schleswig-Holstein	Schleswig-Holstein	18-30
146	3.25.20 17:29:01	3.25.20 17:30:10	anonymous		karantäne	Rheinland-Pfalz	Rheinland-Pfalz	18-30
147	3.25.20 17:31:04	3.25.20 17:31:31	anonymous		karantäne	Hessen	Hessen	18-30
148	3.25.20 17:32:06	3.25.20 17:32:24	anonymous		karantäne	Bayern	Bayern	18-30
149	3.25.20 17:32:43	3.25.20 17:32:59	anonymous		karantäne	Baden-Württemberg	Baden-Württemberg	18-30
150	3.25.20 17:33:05	3.25.20 17:33:21	anonymous		karantäne	Berlin	Berlin	18-30
151	3.25.20 17:34:59	3.25.20 17:35:14	anonymous		karantäne	Baden-Württemberg	Baden-Württemberg	18-30
152	3.25.20 17:35:30	3.25.20 17:36:06	anonymous		karantäne	Brandenburg	Hessen	41-50
153	3.25.20 17:37:13	3.25.20 17:37:29	anonymous		karantäne	Bayern	Bayern	31-40
154	3.25.20 17:38:10	3.25.20 17:38:42	anonymous		karantäne	Nordrhein-Westfalen	Nordrhein-Westfalen	51-60
155	3.25.20 17:38:18	3.25.20 17:38:46	anonymous		kwarantäne	Schleswig-Holstein	Schleswig-Holstein	31-40
156	3.25.20 17:39:55	3.25.20 17:40:17	anonymous		karantäne	Nordrhein-Westfalen	Nordrhein-Westfalen	18-30
157	3.25.20 17:39:59	3.25.20 17:40:22	anonymous		karantäne	Bayern	Bayern	18-30
158	3.25.20 17:39:58	3.25.20 17:40:39	anonymous		karantäne	Niedersachsen	Nordrhein-Westfalen	18-30
159	3.25.20 17:39:12	3.25.20 17:41:11	anonymous		karantäne	Indien	Baden-Württemberg	18-30
160	3.25.20 17:41:20	3.25.20 17:41:37	anonymous		karantäne	Bayern	Bayern	18-30
161	3.25.20 17:40:49	3.25.20 17:42:16	anonymous		karantäne	Bayern	Bayern	31-40
162	3.25.20 17:42:06	3.25.20 17:42:21	anonymous		karantäne	Nordrhein-Westfalen	Nordrhein-Westfalen	18-30
163	3.25.20 17:42:14	3.25.20 17:42:38	anonymous		karantäne	Niedersachsen	Nordrhein-Westfalen	31-40
164	3.25.20 17:42:36	3.25.20 17:43:06	anonymous		karantäne	Nordrhein-Westfalen	Bayern	51-60
165	3.25.20 17:43:01	3.25.20 17:43:20	anonymous		karantäne	Bayern	Bayern	31-40
166	3.25.20 17:43:18	3.25.20 17:44:02	anonymous		karantäne	Sachsen	Sachsen	18-30
167	3.25.20 17:38:07	3.25.20 17:44:33	anonymous		karantäne	Baden-Württemberg	Baden-Württemberg	18-30
168	3.25.20 17:44:17	3.25.20 17:44:43	anonymous		karantäne	Niedersachsen	Niedersachsen	18-30
169	3.25.20 17:44:42	3.25.20 17:45:03	anonymous		karantäne	Nordrhein-Westfalen	Baden-Württemberg	18-30
170	3.25.20 17:44:43	3.25.20 17:45:31	anonymous		kwarantäne	Baden-Württemberg	Baden-Württemberg	18-30
171	3.25.20 17:46:49	3.25.20 17:47:52	anonymous		karantäne	Schleswig-Holstein	Hamburg	31-40
172	3.25.20 17:47:57	3.25.20 17:48:18	anonymous		karantäne	Nordrhein-Westfalen	Nordrhein-Westfalen	18-30
173	3.25.20 17:48:38	3.25.20 17:49:04	anonymous		karantäne	Nordrhein-Westfalen	Nordrhein-Westfalen	31-40
174	3.25.20 17:49:02	3.25.20 17:49:25	anonymous		beides	Nordrhein-Westfalen	Nordrhein-Westfalen	18-30
175	3.25.20 17:50:35	3.25.20 17:51:50	anonymous		Kuarantäne	Nordrhein-Westfalen	Nordrhein-Westfalen	18-30
176	3.25.20 17:52:02	3.25.20 17:52:16	anonymous		karantäne	Nordrhein-Westfalen	Nordrhein-Westfalen	18-30
177	3.25.20 17:50:41	3.25.20 17:52:51	anonymous		kwarantäne	Niedersachsen	Nordrhein-Westfalen	18-30
178	3.25.20 17:53:58	3.25.20 17:54:35	anonymous		karantäne	Nordrhein-Westfalen	Sachsen	18-30
179	3.25.20 17:55:04	3.25.20 17:55:30	anonymous		karantäne	Baden-Württemberg	Baden-Württemberg	31-40
180	3.25.20 17:56:13	3.25.20 17:56:53	anonymous		karantäne	Baden-Württemberg	Bayern	18-30
181	3.25.20 17:57:08	3.25.20 17:57:23	anonymous		karantäne	Nordrhein-Westfalen	Nordrhein-Westfalen	18-30
182	3.25.20 17:58:35	3.25.20 17:59:15	anonymous		karantäne	Hessen	Nordrhein-Westfalen	18-30
183	3.25.20 18:00:34	3.25.20 18:01:06	anonymous		karantäne	Nordrhein-Westfalen	Nordrhein-Westfalen	18-30
184	3.25.20 18:00:16	3.25.20 18:01:07	anonymous		kwarantäne	Baden-Württemberg	Baden-Württemberg	18-30
185	3.25.20 18:01:46	3.25.20 18:02:12	anonymous		karantäne	Sachsen	Sachsen	18-30
186	3.25.20 18:04:36	3.25.20 18:04:56	anonymous		karantäne	Bayern	Bayern	18-30
187	3.25.20 18:06:10	3.25.20 18:06:44	anonymous		karantäne	Schleswig-Holstein	Schleswig-Holstein	31-40
188	3.25.20 18:06:05	3.25.20 18:06:51	anonymous		karantäne	Schweiz	Schweiz	31-40
189	3.25.20 18:06:18	3.25.20 18:06:53	anonymous		karantäne	Nordrhein-Westfalen	Niedersachsen	18-30
190	3.25.20 18:07:28	3.25.20 18:07:41	anonymous		kwarantäne	Baden-Württemberg	Bayern	18-30
191	3.25.20 18:07:01	3.25.20 18:07:54	anonymous		Kuaräntäne	Niedersachsen	Saarland	18-30
192	3.25.20 18:07:51	3.25.20 18:08:26	anonymous		karantäne	Nordrhein-Westfalen	Nordrhein-Westfalen	31-40
193	3.25.20 18:09:27	3.25.20 18:09:44	anonymous		kwarantäne	Bayern	Bayern	18-30
194	3.25.20 18:10:18	3.25.20 18:10:46	anonymous		karantäne	Rheinland-Pfalz	Nordrhein-Westfalen	31-40
195	3.25.20 18:10:35	3.25.20 18:10:48	anonymous		kwarantäne	Bayern	Bayern	18-30
196	3.25.20 18:11:00	3.25.20 18:11:19	anonymous		karantäne	Berlin	USA	31-40
197	3.25.20 18:12:23	3.25.20 18:13:22	anonymous		karantäne	Hessen	Nordrhein-Westfalen	18-30
198	3.25.20 18:12:25	3.25.20 18:13:45	anonymous		kuarantäne	Schweiz	Schweiz	18-30
199	3.25.20 18:12:59	3.25.20 18:13:53	anonymous		karantäne	Niedersachsen	Nordrhein-Westfalen	18-30
200	3.25.20 18:01:53	3.25.20 18:14:43	anonymous		kwarantäne	Rheinland-Pfalz	Hessen	41-50
201	3.25.20 18:12:57	3.25.20 18:15:15	anonymous		karantäne	Nordrhein-Westfalen	Nordrhein-Westfalen	31-40
202	3.25.20 18:16:29	3.25.20 18:17:10	anonymous		karantäne	Baden-Württemberg	Berlin	18-30
203	3.25.20 18:16:41	3.25.20 18:18:14	anonymous		karantäne	Baden-Württemberg	Bayern	31-40
204	3.25.20 18:17:46	3.25.20 18:18:29	anonymous		karantäne	Niedersachsen	Niedersachsen	18-30
205	3.25.20 18:18:43	3.25.20 18:19:46	anonymous		kwarantäne	Nordrhein-Westfalen	Sachsen-Anhalt	18-30
206	3.25.20 18:20:17	3.25.20 18:20:36	anonymous		karantäne	Nordrhein-Westfalen	Nordrhein-Westfalen	31-40
207	3.25.20 18:17:51	3.25.20 18:20:37	anonymous		karantäne	Rheinland-Pfalz	Hessen	31-40
208	3.25.20 18:20:34	3.25.20 18:20:53	anonymous		kwarantäne	Baden-Württemberg	Baden-Württemberg	18-30
209	3.25.20 18:20:51	3.25.20 18:21:22	anonymous		karantäne	Saarland	Saarland	18-30
210	3.25.20 18:23:15	3.25.20 18:23:58	anonymous		karantäne	Rheinland-Pfalz	Rheinland-Pfalz	41-50
211	3.25.20 18:24:28	3.25.20 18:24:47	anonymous		karantäne	Baden-Württemberg	Baden-Württemberg	18-30
212	3.25.20 18:24:27	3.25.20 18:24:57	anonymous		karantäne	Baden-Württemberg	Sachsen	18-30
213	3.25.20 18:25:06	3.25.20 18:25:38	anonymous		karantäne	Baden-Württemberg	Baden-Württemberg	51-60
214	3.25.20 18:21:02	3.25.20 18:25:47	anonymous		kwarantäne	Bayern	Bayern	18-30
215	3.25.20 18:25:04	3.25.20 18:25:57	anonymous		karantäne	Nordrhein-Westfalen	Nordrhein-Westfalen	41-50
216	3.25.20 18:26:31	3.25.20 18:26:50	anonymous		kwarantäne	Niedersachsen	Niedersachsen	18-30
217	3.25.20 18:26:31	3.25.20 18:26:57	anonymous		kwarantäne	Schweiz	Niedersachsen	31-40
218	3.25.20 18:27:33	3.25.20 18:28:01	anonymous		karantäne	Baden-Württemberg	Baden-Württemberg	18-30
219	3.25.20 18:27:22	3.25.20 18:28:06	anonymous		kwarantäne	Baden-Württemberg	Brandenburg	41-50
220	3.25.20 18:28:17	3.25.20 18:28:39	anonymous		karantäne	Hessen	Baden-Württemberg	18-30
221	3.25.20 18:28:36	3.25.20 18:29:13	anonymous		karantäne	Brandenburg	Brandenburg	18-30
222	3.25.20 18:28:01	3.25.20 18:29:31	anonymous		karantäne	Thüringen	Thüringen	31-40
223	3.25.20 18:30:17	3.25.20 18:30:40	anonymous		karantäne	Nordrhein-Westfalen	Nordrhein-Westfalen	18-30
224	3.25.20 18:32:48	3.25.20 18:33:17	anonymous		karantäne	Niedersachsen	Niedersachsen	18-30
225	3.25.20 18:35:15	3.25.20 18:36:04	anonymous		karantäne	Bayern	Bayern	31-40
226	3.25.20 18:37:55	3.25.20 18:38:59	anonymous		karantäne	Niedersachsen	Niedersachsen	18-30
227	3.25.20 18:40:36	3.25.20 18:41:01	anonymous		karantäne	Nordrhein-Westfalen	Nordrhein-Westfalen	18-30
228	3.25.20 18:41:37	3.25.20 18:41:53	anonymous		karantäne	Bayern	Sachsen	18-30
229	3.25.20 18:43:22	3.25.20 18:43:37	anonymous		karantäne	Nordrhein-Westfalen	Baden-Württemberg	31-40
230	3.25.20 18:41:05	3.25.20 18:45:43	anonymous		kwarantäne	Bayern	Bayern	41-50
231	3.25.20 18:45:16	3.25.20 18:45:46	anonymous		karantäne	Nordrhein-Westfalen	Sachsen-Anhalt	18-30
232	3.25.20 18:45:46	3.25.20 18:46:43	anonymous		karantäne	Rheinland-Pfalz	Rheinland-Pfalz	18-30
233	3.25.20 18:45:59	3.25.20 18:46:55	anonymous		karantäne	Bayern	Sachsen	31-40
234	3.25.20 18:47:08	3.25.20 18:47:29	anonymous		kwarantäne	Sachsen-Anhalt	Sachsen	31-40
235	3.25.20 18:47:23	3.25.20 18:47:40	anonymous		karantäne	Baden-Württemberg	Baden-Württemberg	51-60
236	3.25.20 18:48:12	3.25.20 18:48:43	anonymous		karantäne	Nordrhein-Westfalen	Nordrhein-Westfalen	31-40
237	3.25.20 18:49:34	3.25.20 18:50:04	anonymous		karantäne	Schleswig-Holstein	Schleswig-Holstein	18-30
238	3.25.20 18:51:06	3.25.20 18:51:30	anonymous		karantäne	Niedersachsen	Hessen	41-50
239	3.25.20 18:52:04	3.25.20 18:52:32	anonymous		karantäne	Hessen	Hessen	18-30
240	3.25.20 18:51:13	3.25.20 18:52:47	anonymous		karantäne	Rheinland-Pfalz	Nordrhein-Westfalen	31-40
241	3.25.20 18:54:30	3.25.20 18:54:53	anonymous		karantäne	Bayern	Bayern	31-40
242	3.25.20 18:55:06	3.25.20 18:55:45	anonymous		karantäne	Sachsen	Berlin	18-30
243	3.25.20 18:55:54	3.25.20 18:56:47	anonymous		kwarantäne	Nordrhein-Westfalen	Bayern	18-30
244	3.25.20 18:57:25	3.25.20 18:57:49	anonymous		karantäne	Sachsen	Sachsen	18-30
245	3.25.20 18:59:37	3.25.20 19:00:06	anonymous		karantäne	Hessen	Hamburg	41-50
246	3.25.20 19:00:32	3.25.20 19:01:24	anonymous		karantäne	Baden-Württemberg	Baden-Württemberg	18-30
247	3.25.20 19:01:13	3.25.20 19:02:27	anonymous		karantäne	Bayern	Bayern	51-60
248	3.25.20 19:02:29	3.25.20 19:02:43	anonymous		kwarantäne	Bayern	Bayern	18-30
249	3.25.20 19:01:48	3.25.20 19:02:47	anonymous		karantäne	Nordrhein-Westfalen	Nordrhein-Westfalen	18-30
250	3.25.20 19:02:30	3.25.20 19:02:49	anonymous		kwarantäne	Nordrhein-Westfalen	Nordrhein-Westfalen	18-30
251	3.25.20 19:02:03	3.25.20 19:02:59	anonymous		karantäne	Baden-Württemberg	Berlin	41-50
252	3.25.20 19:03:50	3.25.20 19:04:22	anonymous		karantäne	Nordrhein-Westfalen	Nordrhein-Westfalen	18-30
253	3.25.20 19:04:02	3.25.20 19:04:26	anonymous		karantäne	Nordrhein-Westfalen	Nordrhein-Westfalen	18-30
254	3.25.20 19:04:05	3.25.20 19:04:44	anonymous		karantäne	Nordrhein-Westfalen	Nordrhein-Westfalen	41-50
255	3.25.20 19:06:10	3.25.20 19:06:36	anonymous		karantäne	Baden-Württemberg	Berlin	31-40
256	3.25.20 19:09:49	3.25.20 19:10:13	anonymous		karantäne	Nordrhein-Westfalen	Nordrhein-Westfalen	18-30
257	3.25.20 19:10:50	3.25.20 19:11:25	anonymous		karantäne	Baden-Württemberg	Baden-Württemberg	18-30
258	3.25.20 19:11:50	3.25.20 19:12:31	anonymous		karantäne	Niedersachsen	Niedersachsen	31-40
259	3.25.20 19:13:40	3.25.20 19:13:56	anonymous		kwarantäne	Bayern	Bayern	18-30
260	3.25.20 19:17:13	3.25.20 19:17:39	anonymous		karantäne	Rheinland-Pfalz	Belgien	51-60
261	3.25.20 19:16:44	3.25.20 19:17:42	anonymous		karantäne	Bayern	Nordrhein-Westfalen	31-40
262	3.25.20 19:18:49	3.25.20 19:19:33	anonymous		karantäne	Berlin	Berlin	31-40
263	3.25.20 19:19:58	3.25.20 19:20:50	anonymous		karantäne	Hessen	England	31-40
264	3.25.20 19:22:16	3.25.20 19:22:18	anonymous		karantäne	Schleswig-Holstein	Schleswig-Holstein	31-40
265	3.25.20 19:20:59	3.25.20 19:22:29	anonymous		kwarantäne	Mecklenburg-Vorpommern	Berlin	51-60
266	3.25.20 19:22:20	3.25.20 19:22:59	anonymous		kwarantäne	Niedersachsen	Niedersachsen	18-30
267	3.25.20 19:23:26	3.25.20 19:23:54	anonymous		karantäne	Sachsen-Anhalt	Sachsen-Anhalt	18-30
268	3.25.20 19:27:11	3.25.20 19:28:34	anonymous		kwarantäne	Niedersachsen	Niedersachsen	18-30
269	3.25.20 19:30:16	3.25.20 19:30:39	anonymous		kwarantäne	Nordrhein-Westfalen	Nordrhein-Westfalen	18-30
270	3.25.20 19:34:33	3.25.20 19:35:35	anonymous		kwarantäne	Baden-Württemberg	Baden-Württemberg	31-40
271	3.25.20 19:35:08	3.25.20 19:35:58	anonymous		kwarantäne	Baden-Württemberg	Baden-Württemberg	41-50
272	3.25.20 19:36:07	3.25.20 19:36:22	anonymous		karantäne	Baden-Württemberg	Baden-Württemberg	18-30
273	3.25.20 19:37:53	3.25.20 19:38:18	anonymous		kwarantäne	Bayern	Bayern	18-30
274	3.25.20 19:39:45	3.25.20 19:40:08	anonymous		karantäne	Rheinland-Pfalz	Rheinland-Pfalz	31-40
275	3.25.20 19:41:07	3.25.20 19:41:26	anonymous		karantäne	Baden-Württemberg	Baden-Württemberg	18-30
276	3.25.20 19:42:13	3.25.20 19:42:49	anonymous		karantäne	Thüringen	Thüringen	31-40
277	3.25.20 19:46:16	3.25.20 19:46:53	anonymous		karantäne	Nordrhein-Westfalen	Nordrhein-Westfalen	18-30
278	3.25.20 19:48:46	3.25.20 19:49:07	anonymous		kwarantäne	Bayern	Berlin	18-30
279	3.25.20 19:51:51	3.25.20 19:52:11	anonymous		karantäne	Bayern	Bayern	18-30
280	3.25.20 19:58:22	3.25.20 19:59:28	anonymous		karantäne	Baden-Württemberg	Bayern	31-40
281	3.25.20 19:59:45	3.25.20 20:00:51	anonymous		karantäne	Nordrhein-Westfalen	Nordrhein-Westfalen	18-30
282	3.25.20 20:00:22	3.25.20 20:01:02	anonymous		kwarantäne	Bayern	Berlin	31-40
283	3.25.20 20:05:55	3.25.20 20:06:07	anonymous		kwarantäne	Nordrhein-Westfalen	Nordrhein-Westfalen	31-40
284	3.25.20 20:06:35	3.25.20 20:07:28	anonymous		karantäne	Nordrhein-Westfalen	Nordrhein-Westfalen	31-40
285	3.25.20 20:08:55	3.25.20 20:09:13	anonymous		karantäne	Nordrhein-Westfalen	Nordrhein-Westfalen	18-30
286	3.25.20 20:11:15	3.25.20 20:11:57	anonymous		karantäne	Nordrhein-Westfalen	Nordrhein-Westfalen	31-40
287	3.25.20 20:12:51	3.25.20 20:13:23	anonymous		kwarantäne	Bayern	Sachsen	18-30
288	3.25.20 20:14:34	3.25.20 20:14:58	anonymous		karantäne	Schleswig-Holstein	Schleswig-Holstein	18-30
289	3.25.20 20:12:42	3.25.20 20:15:03	anonymous		karantäne	Nordrhein-Westfalen	Niedersachsen	51-60
290	3.25.20 20:16:01	3.25.20 20:17:42	anonymous		karantäne	Nordrhein-Westfalen	Berlin	61-70
291	3.25.20 20:19:03	3.25.20 20:19:23	anonymous		karantäne	Rheinland-Pfalz	Rheinland-Pfalz	18-30
292	3.25.20 20:24:24	3.25.20 20:24:53	anonymous		karantäne	Thüringen	Thüringen	31-40
293	3.25.20 19:21:00	3.25.20 20:30:46	anonymous		kwarantäne	Baden-Württemberg	Baden-Württemberg	71-80
294	3.25.20 20:30:23	3.25.20 20:31:06	anonymous		karantäne	Baden-Württemberg	Hessen	18-30
295	3.25.20 20:33:22	3.25.20 20:33:42	anonymous		karantäne	Berlin	Niedersachsen	18-30
296	3.25.20 20:34:11	3.25.20 20:34:52	anonymous		karantäne	Bremen	Bremen	31-40
297	3.25.20 20:39:52	3.25.20 20:40:12	anonymous		karantäne	Bremen	Bremen	41-50
298	3.25.20 20:52:25	3.25.20 20:52:49	anonymous		karantäne	Schleswig-Holstein	Schleswig-Holstein	18-30
299	3.25.20 20:56:00	3.25.20 20:56:30	anonymous		kwarantäne	Bayern	Bayern	18-30
300	3.25.20 20:58:48	3.25.20 20:59:21	anonymous		kwarantäne	Sachsen	Sachsen	31-40
301	3.25.20 21:04:18	3.25.20 21:06:22	anonymous		kwarantäne	Nordrhein-Westfalen	Nordrhein-Westfalen	18-30
302	3.25.20 21:09:12	3.25.20 21:10:01	anonymous		karantäne	Niedersachsen	Niedersachsen	18-30
303	3.25.20 21:04:40	3.25.20 21:10:02	anonymous		karantäne	Nordrhein-Westfalen	UK	31-40
304	3.25.20 21:10:59	3.25.20 21:11:33	anonymous		karantäne	Nordrhein-Westfalen	Niederlande	31-40
305	3.25.20 21:11:02	3.25.20 21:11:34	anonymous		kwarantäne	Baden-Württemberg	Nordrhein-Westfalen	18-30
306	3.25.20 21:16:58	3.25.20 21:17:18	anonymous		karantäne	Sachsen	Sachsen	31-40
307	3.25.20 21:20:56	3.25.20 21:22:37	anonymous		kwarantäne	Sachsen	Sachsen	41-50
308	3.25.20 21:24:56	3.25.20 21:25:42	anonymous		karantäne	Sachsen	Sachsen	Unter 18
309	3.25.20 21:26:09	3.25.20 21:26:29	anonymous		karantäne	Bayern	Bayern	41-50
310	3.25.20 21:27:41	3.25.20 21:28:10	anonymous		karantäne	Berlin	Berlin	51-60
311	3.25.20 21:28:03	3.25.20 21:28:37	anonymous		karantäne	Nordrhein-Westfalen	Rheinland-Pfalz/Hessen	31-40
312	3.25.20 21:17:01	3.25.20 21:36:50	anonymous		karantäne	Bayern	Niedersachsen	18-30
313	3.25.20 21:38:51	3.25.20 21:39:30	anonymous		karantäne	Baden-Württemberg	Brandenburg	41-50
314	3.25.20 21:39:06	3.25.20 21:40:40	anonymous		karantäne	Hessen	Schweiz	31-40
315	3.25.20 21:45:13	3.25.20 21:46:02	anonymous		karantäne	Baden-Württemberg	Nordrhein-Westfalen	41-50
316	3.25.20 21:42:14	3.25.20 21:46:07	anonymous		karantäne	Nordrhein-Westfalen	Nordrhein-Westfalen	18-30
317	3.25.20 21:47:39	3.25.20 21:48:04	anonymous		karantäne	Nordrhein-Westfalen	Nordrhein-Westfalen	18-30
318	3.25.20 21:47:49	3.25.20 21:48:14	anonymous		karantäne	Schleswig-Holstein	Berlin	31-40
319	3.25.20 21:47:58	3.25.20 21:48:29	anonymous		karantäne	Schleswig-Holstein	Dänemark	41-50
320	3.25.20 21:57:35	3.25.20 21:58:12	anonymous		kwarantäne	Bayern	Bayern	18-30
321	3.25.20 22:02:37	3.25.20 22:03:40	anonymous		karantäne	Hamburg	Hamburg	41-50
322	3.25.20 22:05:31	3.25.20 22:05:55	anonymous		karantäne	Sachsen	Sachsen	Unter 18
323	3.25.20 22:15:53	3.25.20 22:16:31	anonymous		kwarantäne	Sachsen-Anhalt	Mecklenburg-Vorpommern	51-60
324	3.25.20 22:20:57	3.25.20 22:21:32	anonymous		karantäne	Niedersachsen	Niedersachsen	41-50
325	3.25.20 22:23:05	3.25.20 22:23:34	anonymous		karantäne	Sachsen	Baden-Württemberg	18-30
326	3.25.20 22:20:58	3.25.20 22:31:48	anonymous		karantäne	Niedersachsen	Bremen	31-40
327	3.25.20 22:31:15	3.25.20 22:32:19	anonymous		kwarantäne	Großbritannien	Großbritannien	51-60
328	3.25.20 22:32:35	3.25.20 22:34:46	anonymous		kwarantäne	Mecklenburg-Vorpommern	Sachsen	Unter 18
329	3.25.20 22:36:22	3.25.20 22:36:50	anonymous		kwarantäne	Baden-Württemberg	Baden-Württemberg	31-40
330	3.25.20 22:43:31	3.25.20 22:44:20	anonymous		karantäne	Österreich	Österreich	41-50
331	3.25.20 22:25:53	3.25.20 22:51:13	anonymous		karantäne	Nordrhein-Westfalen	Berlin	18-30
332	3.25.20 22:51:41	3.25.20 22:52:21	anonymous		kwarantäne	Bayern	Nordrhein-Westfalen	31-40
333	3.25.20 22:55:08	3.25.20 22:55:22	anonymous		kwarantäne	Bayern	Bayern	18-30
334	3.25.20 22:55:47	3.25.20 22:56:35	anonymous		kwarantäne	Berlin	Hessen	31-40
335	3.25.20 22:58:00	3.25.20 22:58:24	anonymous		karantäne	Nordrhein-Westfalen	Spanien	31-40
336	3.25.20 23:00:26	3.25.20 23:00:52	anonymous		kwarantäne	Sachsen-Anhalt	Sachsen	31-40
337	3.25.20 23:04:57	3.25.20 23:05:39	anonymous		kwarantäne	Österreich Niederösterreich	Wien	31-40
338	3.25.20 23:07:31	3.25.20 23:07:55	anonymous		karantäne	Bremen	Hessen	31-40
339	3.25.20 23:10:39	3.25.20 23:12:04	anonymous		karantäne	Hessen	Schweiz 	31-40
340	3.25.20 23:15:56	3.25.20 23:16:28	anonymous		kwarantäne	Bayern	Bayern	31-40
341	3.25.20 23:16:53	3.25.20 23:17:46	anonymous		karantäne	Brandenburg	Brandenburg	18-30
342	3.25.20 23:18:54	3.25.20 23:20:18	anonymous		kwarantäne	Brandenburg	Brandenburg	61-70
343	3.25.20 23:20:55	3.25.20 23:23:53	anonymous		kwarantäne	Brandenburg	Brandenburg	71-80
344	3.25.20 23:23:16	3.25.20 23:24:12	anonymous		karantäne	Thüringen	Schweden	18-30
345	3.25.20 23:28:23	3.25.20 23:28:44	anonymous		karantäne	Schleswig-Holstein	Schleswig-Holstein	18-30
346	3.25.20 23:57:42	3.25.20 23:58:11	anonymous		karantäne	Nordrhein-Westfalen	Nordrhein-Westfalen	31-40
347	3.26.20 0:04:14	3.26.20 0:05:13	anonymous		karantäne	Russland	Hessen	61-70
348	3.26.20 0:09:39	3.26.20 0:11:19	anonymous		kwarantäne	Sachsen	Sachsen	61-70
349	3.26.20 0:24:19	3.26.20 0:25:06	anonymous		karantäne	Saarland	Saarland	41-50
350	3.26.20 0:32:00	3.26.20 0:32:26	anonymous		karantäne	Nordrhein-Westfalen	Nordrhein-Westfalen	18-30
351	3.26.20 0:41:36	3.26.20 0:42:06	anonymous		karantäne	Niedersachsen	Nordrhein-Westfalen	18-30
352	3.26.20 0:47:54	3.26.20 0:48:57	anonymous		karantäne	Bayern	Bayern	41-50
353	3.26.20 0:49:03	3.26.20 0:50:45	anonymous		karantäne	Schweiz	Gr	51-60
354	3.26.20 1:00:57	3.26.20 1:01:13	anonymous		karantäne	Baden-Württemberg	Baden-Württemberg	18-30
355	3.26.20 2:05:28	3.26.20 2:05:48	anonymous		karantäne	Sachsen	Sachsen	18-30
356	3.26.20 2:27:04	3.26.20 2:27:39	anonymous		karantäne	Hessen	Hessen	31-40
357	3.26.20 6:53:35	3.26.20 6:55:42	anonymous		karantäne	Oberösterreich 	Wien	41-50
358	3.26.20 7:55:47	3.26.20 7:56:42	anonymous		karantäne	Sachsen	Sachsen	18-30
359	3.26.20 7:57:28	3.26.20 7:58:27	anonymous		kwarantäne	Nordrhein-Westfalen	Nordrhein-Westfalen	31-40
360	3.26.20 7:58:45	3.26.20 7:59:14	anonymous		karantäne	Nordrhein-Westfalen	Nordrhein-Westfalen	31-40
361	3.26.20 8:20:31	3.26.20 8:21:18	anonymous		kwarantäne	Österreich 	Österreich 	51-60
362	3.26.20 8:28:28	3.26.20 8:28:59	anonymous		karantäne	Mecklenburg-Vorpommern	Mecklenburg-Vorpommern	31-40
363	3.26.20 8:42:28	3.26.20 8:42:59	anonymous		kwarantäne	Thüringen	Bayern	31-40
364	3.26.20 8:42:58	3.26.20 8:43:45	anonymous		karantäne	Baden-Württemberg	Baden-Württemberg	31-40
365	3.26.20 9:21:36	3.26.20 9:22:10	anonymous		kwarantäne	Sachsen-Anhalt	Baden-Württemberg	51-60
366	3.26.20 9:44:58	3.26.20 9:45:20	anonymous		karantäne	Nordrhein-Westfalen	Nordrhein-Westfalen	31-40
367	3.26.20 10:01:24	3.26.20 10:01:59	anonymous		kwarantäne	Sachsen	Frankreich	18-30
368	3.26.20 10:01:49	3.26.20 10:04:41	anonymous		kwarantäne	Österreich	Österreich	31-40
369	3.26.20 10:04:40	3.26.20 10:05:00	anonymous		karantäne	Rheinland-Pfalz	Rheinland-Pfalz	18-30
370	3.26.20 10:05:32	3.26.20 10:06:25	anonymous		karantäne	Hamburg	Hamburg	31-40
371	3.26.20 10:15:17	3.26.20 10:15:52	anonymous		karantäne	Baden-Württemberg	Nordrhein-Westfalen	31-40
372	3.26.20 10:15:22	3.26.20 10:16:28	anonymous		karantene	Nordrhein-Westfalen	Nordrhein-Westfalen	31-40
373	3.26.20 10:16:05	3.26.20 10:16:30	anonymous		karantäne	Nordrhein-Westfalen	Niederlande	31-40
374	3.26.20 10:18:01	3.26.20 10:19:01	anonymous		karantäne	Niedersachsen	Bremen	31-40
375	3.26.20 10:19:33	3.26.20 10:20:06	anonymous		karantäne	Nordrhein-Westfalen	Nordrhein-Westfalen	18-30
376	3.26.20 10:24:36	3.26.20 10:26:17	anonymous		karantäne	Baden-Württemberg	Baden-Württemberg	31-40
377	3.26.20 10:31:35	3.26.20 10:32:05	anonymous		karantäne	Nordrhein-Westfalen	Nordrhein-Westfalen	18-30
378	3.26.20 10:34:35	3.26.20 10:34:55	anonymous		karantäne	Bayern	Bayern	51-60
379	3.26.20 10:50:54	3.26.20 10:51:24	anonymous		karantäne	Baden-Württemberg	Sachsen	Unter 18
380	3.26.20 10:57:10	3.26.20 10:58:02	anonymous		karantäne	Berlin	Sachsen	18-30
381	3.26.20 10:58:33	3.26.20 10:59:17	anonymous		karantäne	Sachsen	Sachsen	18-30
382	3.26.20 10:59:16	3.26.20 10:59:38	anonymous		kwarantäne	Sachsen	Sachsen	18-30
383	3.26.20 10:58:08	3.26.20 10:59:41	anonymous		karantäne	Niedersachsen	Niedersachsen	Unter 18
384	3.26.20 10:59:56	3.26.20 11:00:31	anonymous		karantäne	Thüringen	Sachsen	Unter 18
385	3.26.20 11:03:31	3.26.20 11:04:26	anonymous		kwarantäne	Sachsen	Sachsen	Unter 18
386	3.26.20 11:12:35	3.26.20 11:12:53	anonymous		karantäne	Sachsen	Sachsen	18-30
387	3.26.20 11:12:35	3.26.20 11:13:18	anonymous		kwarantäne	Sachsen	Sachsen	18-30
388	3.26.20 11:25:23	3.26.20 11:26:03	anonymous		karantäne	Sachsen	Sachsen	18-30
389	3.26.20 11:34:22	3.26.20 11:35:30	anonymous		karantäne	Nordrhein-Westfalen	Nordrhein-Westfalen	Unter 18
390	3.26.20 11:36:39	3.26.20 11:37:31	anonymous		karantäne	Hessen	Hessen	18-30
391	3.26.20 11:45:58	3.26.20 11:46:25	anonymous		karantäne	Nordrhein-Westfalen	Nordrhein-Westfalen	31-40
392	3.26.20 11:48:44	3.26.20 11:49:23	anonymous		kwarantäne	Sachsen	Sachsen	18-30
393	3.26.20 11:49:21	3.26.20 11:49:42	anonymous		kwarantäne	Sachsen	Sachsen	18-30
394	3.26.20 12:00:52	3.26.20 12:01:15	anonymous		kwarantäne	Baden-Württemberg	Baden-Württemberg	31-40
395	3.26.20 12:01:54	3.26.20 12:02:19	anonymous		kwarantäne	Nordrhein-Westfalen	Baden-Württemberg	31-40
396	3.26.20 12:06:14	3.26.20 12:06:59	anonymous		karantäne	Brandenburg	Sachsen	18-30
397	3.26.20 12:07:18	3.26.20 12:07:40	anonymous		kwarantäne	Schleswig-Holstein	Sachsen	18-30
398	3.26.20 12:08:11	3.26.20 12:08:31	anonymous		karantäne	Bayern	Bayern	31-40
399	3.26.20 12:16:27	3.26.20 12:17:10	anonymous		karantäne	Niedersachsen	Niedersachsen	18-30
400	3.26.20 12:19:49	3.26.20 12:20:33	anonymous		karantäne	Sachsen	Sachsen	18-30
401	3.26.20 12:26:26	3.26.20 12:26:59	anonymous		karantäne	Sachsen	Sachsen	18-30
402	3.26.20 12:35:23	3.26.20 12:35:47	anonymous		karantäne	Baden-Württemberg	Baden-Württemberg	18-30
403	3.26.20 12:38:55	3.26.20 12:39:30	anonymous		karantäne	Nordrhein-Westfalen	Nordrhein-Westfalen	41-50
404	3.26.20 12:40:50	3.26.20 12:42:01	anonymous		karantäne	Sachsen	Wales	31-40
405	3.26.20 12:54:59	3.26.20 12:55:32	anonymous		karantäne	Nordrhein-Westfalen	Schottland	31-40
406	3.26.20 13:00:38	3.26.20 13:01:15	anonymous		karantäne	Schweiz	Schweiz 	31-40
407	3.26.20 13:02:28	3.26.20 13:03:28	anonymous		karantäne	Baden-Württemberg	Baden-Württemberg	18-30
408	3.26.20 13:21:37	3.26.20 13:22:52	anonymous		karantäne	Baden-Württemberg	Baden-Württemberg	41-50
409	3.26.20 13:22:32	3.26.20 13:22:59	anonymous		karantäne	Niedersachsen	Niedersachsen	61-70
410	3.26.20 14:14:14	3.26.20 14:14:59	anonymous		kwarantäne	Sachsen	Sachsen	18-30
411	3.26.20 14:18:16	3.26.20 14:18:47	anonymous		karantäne	Niedersachsen	Niedersachsen	31-40
412	3.26.20 14:51:02	3.26.20 14:52:03	anonymous		kwarantäne	Sachsen	Sachsen	18-30
413	3.26.20 15:18:54	3.26.20 15:19:22	anonymous		kwarantäne	Berlin	Berlin	31-40
414	3.26.20 15:32:47	3.26.20 15:33:41	anonymous		karantäne	Sachsen	Sachsen	31-40
415	3.26.20 15:35:28	3.26.20 15:36:19	anonymous		kwarantäne	Sachsen	Sachsen	Unter 18
416	3.26.20 15:41:11	3.26.20 15:43:01	anonymous		kwarantäne	Schweiz	Schweiz 	41-50
417	3.26.20 15:57:25	3.26.20 15:58:08	anonymous		karantäne	Hessen	Berlin	18-30
418	3.26.20 17:01:48	3.26.20 17:02:16	anonymous		karantäne	Hessen	Hessen	18-30
419	3.26.20 17:11:55	3.26.20 17:12:25	anonymous		kwarantäne	Bayern	Großbritannien	41-50
420	3.26.20 17:19:10	3.26.20 17:19:40	anonymous		kwarantäne	Bayern	Schleswig-Holstein	41-50
421	3.26.20 17:19:59	3.26.20 17:21:16	anonymous		kwarantäne	ausland	Österreich	31-40
422	3.26.20 17:17:53	3.26.20 17:22:36	anonymous		karantäne	Baden-Württemberg	Hamburg	41-50
423	3.26.20 17:22:06	3.26.20 17:22:57	anonymous		karantäne	Niedersachsen	Schleswig-Holstein	31-40
424	3.26.20 17:26:31	3.26.20 17:27:16	anonymous		karantäne	Nordrhein-Westfalen	Berlin	41-50
425	3.26.20 17:27:12	3.26.20 17:27:42	anonymous		karantäne	Rheinland-Pfalz	Hessen	61-70
426	3.26.20 17:28:39	3.26.20 17:29:06	anonymous		kwarantäne	Rheinland-Pfalz	Schweiz	41-50
427	3.26.20 17:28:31	3.26.20 17:29:07	anonymous		karantäne	Nordrhein-Westfalen	Schleswig-Holstein	31-40
428	3.26.20 17:29:09	3.26.20 17:29:28	anonymous		karantäne	Baden-Württemberg	Schweiz	41-50
429	3.26.20 17:28:33	3.26.20 17:29:45	anonymous		karantäne	Niedersachsen	Hamburg	41-50
430	3.26.20 17:32:15	3.26.20 17:33:17	anonymous		karantäne	Brandenburg	Berlin	18-30
431	3.26.20 17:33:25	3.26.20 17:34:40	anonymous		karantäne	Sachsen-Anhalt	Sachsen	41-50
432	3.26.20 17:34:21	3.26.20 17:34:52	anonymous		kwarantäne	Mecklenburg-Vorpommern	Mecklenburg-Vorpommern	51-60
433	3.26.20 17:46:11	3.26.20 17:46:56	anonymous		kwarantäne	Sachsen	Berlin	41-50
434	3.26.20 17:51:19	3.26.20 17:51:44	anonymous		karantäne	Hamburg	Niedersachsen	41-50
435	3.26.20 17:56:06	3.26.20 17:58:07	anonymous		karantäne	Baden-Württemberg	Baden-Württemberg	31-40
436	3.26.20 17:58:28	3.26.20 17:59:06	anonymous		karantäne	Hessen	Hessen	31-40
437	3.26.20 17:59:15	3.26.20 17:59:37	anonymous		karantäne	Bayern	Bayern	31-40
438	3.26.20 18:00:04	3.26.20 18:00:41	anonymous		karantäne	Niedersachsen	Niedersachsen	18-30
439	3.26.20 18:07:17	3.26.20 18:07:50	anonymous		karantäne	Hessen	Hessen	31-40
440	3.26.20 18:11:34	3.26.20 18:11:55	anonymous		karantäne	Schleswig-Holstein	Baden-Württemberg	31-40
441	3.26.20 18:12:14	3.26.20 18:13:05	anonymous		karantäne	Nordrhein-Westfalen	Brandenburg	41-50
442	3.26.20 18:15:28	3.26.20 18:16:07	anonymous		karantäne	Schleswig-Holstein	Berlin	51-60
443	3.26.20 18:32:44	3.26.20 18:33:09	anonymous		karantäne	Niedersachsen	Sachsen	18-30
444	3.26.20 18:32:46	3.26.20 18:33:15	anonymous		karantäne	Berlin	Rheinland-Pfalz	41-50
445	3.26.20 18:43:23	3.26.20 18:43:58	anonymous		karantäne	Sachsen	Sachsen	31-40
446	3.26.20 18:49:58	3.26.20 18:50:33	anonymous		kwarantäne	Sachsen	Hessen	41-50
447	3.26.20 19:42:58	3.26.20 19:46:06	anonymous		karantäne	Nordrhein-Westfalen	Nordrhein-Westfalen	41-50
448	3.26.20 19:52:16	3.26.20 19:52:45	anonymous		karantäne	Thüringen	Berlin	41-50
449	3.26.20 19:59:36	3.26.20 20:00:15	anonymous		karantäne	Rheinland-Pfalz	Rheinland-Pfalz	31-40
450	3.26.20 20:08:25	3.26.20 20:08:56	anonymous		karantäne	Hamburg	Berlin	41-50
451	3.26.20 20:09:55	3.26.20 20:10:30	anonymous		karantäne	Baden-Württemberg	Mecklenburg-Vorpommern	41-50
452	3.26.20 20:10:19	3.26.20 20:10:47	anonymous		karantäne	Baden-Württemberg	Baden-Württemberg	31-40
453	3.26.20 20:10:56	3.26.20 20:11:21	anonymous		karantäne	Nordrhein-Westfalen	Nordrhein-Westfalen	31-40
454	3.26.20 20:11:01	3.26.20 20:11:26	anonymous		karantäne	Nordrhein-Westfalen	Baden-Württemberg	51-60
455	3.26.20 20:11:03	3.26.20 20:11:36	anonymous		karantäne	Niedersachsen	Hamburg	41-50
456	3.26.20 20:11:19	3.26.20 20:11:44	anonymous		karantäne	Berlin	Berlin	31-40
457	3.26.20 20:11:34	3.26.20 20:12:20	anonymous		kwarantäne	Sachsen-Anhalt	Berlin	51-60
458	3.26.20 20:12:44	3.26.20 20:13:38	anonymous		karantäne	Sachsen	Baden-Württemberg	31-40
459	3.26.20 20:14:07	3.26.20 20:14:50	anonymous		karantäne	Nordrhein-Westfalen	Bayern	41-50
460	3.26.20 20:16:41	3.26.20 20:17:13	anonymous		kwarantäne	Bayern	Baden-Württemberg	31-40
461	3.26.20 20:15:40	3.26.20 20:17:22	anonymous		Kuarantäne	Berlin	Berlin	51-60
462	3.26.20 20:17:31	3.26.20 20:18:23	anonymous		karantäne	Baden-Württemberg	Baden-Württemberg	31-40
463	3.26.20 20:20:26	3.26.20 20:20:54	anonymous		kwarantäne	Niedersachsen	Berlin	31-40
464	3.26.20 20:21:04	3.26.20 20:21:26	anonymous		karantäne	Nordrhein-Westfalen	Nordrhein-Westfalen	41-50
465	3.26.20 20:22:11	3.26.20 20:22:41	anonymous		karantäne	Sachsen	Sachsen	31-40
466	3.26.20 20:22:47	3.26.20 20:23:14	anonymous		karantäne	Bayern	Bayern	51-60
467	3.26.20 20:25:53	3.26.20 20:26:52	anonymous		karantäne	Baden-Württemberg	Baden-Württemberg	31-40
468	3.26.20 20:29:02	3.26.20 20:29:38	anonymous		kwarantäne	Bayern	Baden-Württemberg	31-40
469	3.26.20 20:29:47	3.26.20 20:30:11	anonymous		karantäne	Baden-Württemberg	Baden-Württemberg	31-40
470	3.26.20 20:30:12	3.26.20 20:30:34	anonymous		karantäne	Nordrhein-Westfalen	Nordrhein-Westfalen	18-30
471	3.26.20 20:30:00	3.26.20 20:30:41	anonymous		karantäne	Hessen	Hessen	41-50
472	3.26.20 20:30:22	3.26.20 20:31:30	anonymous		karantäne	Hessen	Nordrhein-Westfalen	18-30
473	3.26.20 20:29:59	3.26.20 20:31:36	anonymous		karantäne	Berlin	Berlin	31-40
474	3.26.20 20:33:55	3.26.20 20:34:37	anonymous		karantäne	Schleswig-Holstein	Hamburg	31-40
475	3.26.20 20:34:38	3.26.20 20:35:03	anonymous		karantäne	Hamburg	Rheinland-Pfalz	18-30
476	3.26.20 20:37:27	3.26.20 20:38:27	anonymous		kwarantäne	Nordrhein-Westfalen	Berlin	41-50
477	3.26.20 20:41:54	3.26.20 20:42:45	anonymous		karantäne	Saarland	Saarland	41-50
478	3.26.20 20:46:45	3.26.20 20:47:52	anonymous		karantäne	Niedersachsen	Niedersachsen	18-30
479	3.26.20 20:49:45	3.26.20 20:50:23	anonymous		karantäne	Nordrhein-Westfalen	Berlin	31-40
480	3.26.20 20:50:08	3.26.20 20:50:39	anonymous		karantäne	Bayern	Bayern	31-40
481	3.26.20 20:51:17	3.26.20 20:51:59	anonymous		Krawatte	Hessen	Mecklenburg-Vorpommern	80+
482	3.26.20 20:53:08	3.26.20 20:54:01	anonymous		Mal so, mal so. Tendenz zu kw-	Hamburg	Baden-Württemberg	31-40
483	3.26.20 20:55:40	3.26.20 20:56:05	anonymous		karantäne	Bayern	Bayern	41-50
484	3.26.20 20:56:37	3.26.20 20:57:00	anonymous		karantäne	Hessen	Baden-Württemberg	41-50
485	3.26.20 21:01:35	3.26.20 21:02:24	anonymous		kwarantäne	Baden-Württemberg	Sachsen-Anhalt	41-50
486	3.26.20 21:01:45	3.26.20 21:02:31	anonymous		kwarantäne	Niedersachsen	Niedersachsen	31-40
487	3.26.20 21:04:33	3.26.20 21:05:04	anonymous		karantäne	Schleswig-Holstein	Norwegen	18-30
488	3.26.20 21:05:43	3.26.20 21:06:19	anonymous		karantäne	Rheinland-Pfalz	Berlin	41-50
489	3.26.20 21:09:12	3.26.20 21:09:46	anonymous		kwarantäne	Baden-Württemberg	Berlin	51-60
490	3.26.20 21:11:57	3.26.20 21:12:21	anonymous		kwarantäne	Bayern	Bayern	31-40
491	3.26.20 21:13:47	3.26.20 21:15:54	anonymous		karanteene	Berlin	Brandenburg	51-60
492	3.26.20 21:17:50	3.26.20 21:18:34	anonymous		kwarantäne	Bayern	Berlin	31-40
493	3.26.20 21:18:30	3.26.20 21:19:43	anonymous		karantäne	Niedersachsen	Berlin	31-40
494	3.26.20 21:41:18	3.26.20 21:41:38	anonymous		karantäne	Nordrhein-Westfalen	Nordrhein-Westfalen	18-30
495	3.26.20 21:47:01	3.26.20 21:47:27	anonymous		karantäne	Bayern	Bayern	31-40
496	3.26.20 21:53:28	3.26.20 21:54:01	anonymous		karantäne	Niedersachsen	Berlin	31-40
497	3.26.20 22:10:33	3.26.20 22:10:57	anonymous		karantäne	Rheinland-Pfalz	Rheinland-Pfalz	41-50
498	3.26.20 22:11:39	3.26.20 22:12:26	anonymous		karantäne	Sachsen-Anhalt	Sachsen-Anhalt	31-40
499	3.26.20 22:20:06	3.26.20 22:20:25	anonymous		karantäne	Hessen	Nordrhein-Westfalen	31-40
500	3.26.20 22:20:35	3.26.20 22:21:13	anonymous		karantäne	Niederlande 	Nordrhein-Westfalen	31-40
501	3.26.20 22:20:56	3.26.20 22:21:42	anonymous		karantäne	Rheinland-Pfalz	Nordrhein-Westfalen	41-50
502	3.26.20 22:29:06	3.26.20 22:29:54	anonymous		karantäne	Nordrhein-Westfalen	Nordrhein-Westfalen	61-70
503	3.26.20 22:32:46	3.26.20 22:33:16	anonymous		karantäne	Schleswig-Holstein	Sachsen	18-30
504	3.26.20 22:43:52	3.26.20 22:44:32	anonymous		kwarantäne	Sachsen	UK	41-50
505	3.26.20 22:47:32	3.26.20 22:48:04	anonymous		karantäne	Baden-Württemberg	Baden-Württemberg	31-40
506	3.26.20 22:51:26	3.26.20 22:52:00	anonymous		kwarantäne	Nordrhein-Westfalen	Thüringen	18-30
507	3.26.20 22:52:06	3.26.20 22:53:35	anonymous		karantäne	Nordrhein-Westfalen	Nordrhein-Westfalen	51-60
508	3.26.20 22:55:14	3.26.20 22:55:39	anonymous		kwarantäne	Bayern	Bayern	31-40
509	3.26.20 22:55:52	3.26.20 22:57:13	anonymous		kwarantäne	Nordrhein-Westfalen	Berlin	18-30
510	3.26.20 23:04:11	3.26.20 23:05:05	anonymous		kwarantäne	Bayern	Bayern	51-60
511	3.26.20 23:07:15	3.26.20 23:07:58	anonymous		karantäne	Baden-Württemberg	Baden-Württemberg	31-40
512	3.26.20 23:08:33	3.26.20 23:09:08	anonymous		karantäne	Hamburg	Hamburg	18-30
513	3.26.20 23:08:51	3.26.20 23:09:13	anonymous		kwarantäne	Brandenburg	Hessen	41-50
514	3.26.20 23:07:58	3.26.20 23:10:24	anonymous		karantäne	Baden-Württemberg	Baden-Württemberg	31-40
515	3.26.20 23:12:13	3.26.20 23:12:40	anonymous		karantäne	Bayern	Bayern	41-50
516	3.26.20 23:14:57	3.26.20 23:15:58	anonymous		karantäne	Baden-Württemberg	Sachsen	31-40
517	3.26.20 23:16:07	3.26.20 23:17:00	anonymous		karantäne	Nordrhein-Westfalen	Nordrhein-Westfalen	31-40
518	3.26.20 23:19:41	3.26.20 23:20:13	anonymous		karantäne	Baden-Württemberg	Baden-Württemberg	31-40
519	3.26.20 23:23:48	3.26.20 23:24:38	anonymous		karantäne	Nordrhein-Westfalen	Österreich	31-40
520	3.26.20 23:28:43	3.26.20 23:29:13	anonymous		karantäne	Nordrhein-Westfalen	Baden-Württemberg	31-40
521	3.26.20 23:57:43	3.26.20 23:58:22	anonymous		kwarantäne	Bayern	Bayern	41-50
522	3.27.20 0:02:49	3.27.20 0:03:14	anonymous		karantäne	Baden-Württemberg	Baden-Württemberg	31-40
523	3.27.20 0:08:39	3.27.20 0:09:05	anonymous		karantäne	Berlin	Berlin	18-30
524	3.27.20 0:12:50	3.27.20 0:13:25	anonymous		karantäne	Saarland	Nordrhein-Westfalen	31-40
525	3.27.20 0:22:35	3.27.20 0:30:51	anonymous		karantäne	Nordrhein-Westfalen	Berlin	31-40
526	3.27.20 1:04:03	3.27.20 1:04:34	anonymous		karantäne	Berlin	Berlin	31-40
527	3.27.20 1:15:38	3.27.20 1:16:22	anonymous		karantäne	Nordrhein-Westfalen	Berlin	41-50
528	3.27.20 1:27:30	3.27.20 1:27:55	anonymous		karantäne	Nordrhein-Westfalen	Nordrhein-Westfalen	31-40
529	3.27.20 1:33:52	3.27.20 1:34:27	anonymous		karantäne	Oberösterreich	Oberösterreich 	18-30
530	3.27.20 3:19:01	3.27.20 3:20:12	anonymous		karantäne	Nordrhein-Westfalen	Baden-Württemberg	18-30
531	3.27.20 4:11:57	3.27.20 4:13:29	anonymous		karantäne	Nordrhein-Westfalen	Rheinland-Pfalz	51-60
532	3.27.20 7:20:45	3.27.20 7:21:12	anonymous		kwarantäne	Thüringen	Thüringen	31-40
533	3.27.20 7:45:10	3.27.20 7:46:32	anonymous		karantäne	Sachsen	Sachsen	31-40
534	3.27.20 7:47:53	3.27.20 7:48:57	anonymous		karantäne	Rheinland-Pfalz	Nordrhein-Westfalen	18-30
535	3.27.20 8:04:29	3.27.20 8:05:19	anonymous		karantäne	Mecklenburg-Vorpommern	Sachsen	31-40
536	3.27.20 8:40:10	3.27.20 8:40:50	anonymous		karantäne	Thüringen	Thüringen	51-60
537	3.27.20 8:57:26	3.27.20 8:58:51	anonymous		karantäne	Südafrika 	Nordrhein-Westfalen	61-70
538	3.27.20 9:02:44	3.27.20 9:06:49	anonymous		kwarantäne	Berlin	Berlin	51-60
539	3.27.20 9:15:21	3.27.20 9:15:55	anonymous		karantäne	Sachsen	Sachsen	18-30
540	3.27.20 9:25:42	3.27.20 9:26:13	anonymous		karantäne	Hessen	Berlin	18-30
541	3.27.20 11:16:55	3.27.20 11:17:45	anonymous		karantäne	Schleswig-Holstein	Berlin	31-40
542	3.27.20 11:20:47	3.27.20 11:21:27	anonymous		karantäne	Hamburg	Hamburg	18-30
543	3.27.20 11:37:52	3.27.20 11:38:19	anonymous		karantäne	Hessen	Bayern	31-40
544	3.27.20 11:41:04	3.27.20 11:41:45	anonymous		karantäne	Nordrhein-Westfalen	Hessen	61-70
545	3.27.20 12:09:53	3.27.20 12:10:25	anonymous		kwarantäne	Bayern	Bayern	18-30
546	3.27.20 12:04:35	3.27.20 12:10:32	anonymous		karantäne	Bayern	Hessen	31-40
547	3.27.20 12:29:39	3.27.20 12:30:00	anonymous		karantäne	Bayern	Berlin	31-40
548	3.27.20 12:39:22	3.27.20 12:39:52	anonymous		kwarantäne	Bayern	Berlin	61-70
549	3.27.20 13:11:36	3.27.20 13:11:57	anonymous		karantäne	Mecklenburg-Vorpommern	Mecklenburg-Vorpommern	31-40
550	3.27.20 13:17:10	3.27.20 13:17:29	anonymous		kwarantäne	Baden-Württemberg	Baden-Württemberg	18-30
551	3.27.20 13:20:43	3.27.20 13:21:07	anonymous		kwarantäne	Bayern	Bayern	18-30
552	3.27.20 13:23:03	3.27.20 13:23:28	anonymous		kwarantäne	Bayern	Bayern	51-60
553	3.27.20 13:33:35	3.27.20 13:33:57	anonymous		karantäne	Nordrhein-Westfalen	Nordrhein-Westfalen	31-40
554	3.27.20 13:33:34	3.27.20 13:34:06	anonymous		karantäne	Niedersachsen	Niedersachsen	18-30
555	3.27.20 13:42:12	3.27.20 13:42:27	anonymous		karantäne	Bayern	Bayern	31-40
556	3.27.20 13:42:09	3.27.20 13:42:32	anonymous		karantäne	Bayern	Bayern	18-30
557	3.27.20 13:55:39	3.27.20 13:57:52	anonymous		kwarantäne	Baden-Württemberg	Baden-Württemberg	18-30
558	3.27.20 14:08:39	3.27.20 14:09:13	anonymous		karantäne	Niedersachsen	Niedersachsen	18-30
559	3.27.20 14:14:49	3.27.20 14:15:06	anonymous		karantäne	Bayern	Bayern	18-30
560	3.27.20 14:18:42	3.27.20 14:19:02	anonymous		karantäne	Niedersachsen	Baden-Württemberg	18-30
561	3.27.20 14:20:28	3.27.20 14:20:52	anonymous		karantäne	Hessen	Hessen	18-30
562	3.27.20 14:46:57	3.27.20 14:47:52	anonymous		karantäne	Saarland	Saarland	18-30
563	3.27.20 14:52:44	3.27.20 14:53:18	anonymous		karantäne	Schleswig-Holstein	Hamburg	18-30
564	3.27.20 14:56:45	3.27.20 14:57:01	anonymous		karantäne	Nordrhein-Westfalen	Nordrhein-Westfalen	31-40
565	3.27.20 14:56:55	3.27.20 14:57:20	anonymous		karantäne	Saarland	Saarland	31-40
566	3.27.20 15:00:46	3.27.20 15:01:12	anonymous		karantäne	Nordrhein-Westfalen	Berlin	18-30
567	3.27.20 15:17:50	3.27.20 15:25:34	anonymous		karantäne	Nordrhein-Westfalen	Nordrhein-Westfalen	18-30
568	3.27.20 16:53:31	3.27.20 16:54:46	anonymous		kwarantäne	Österreich	Österreich	41-50
569	3.27.20 17:10:29	3.27.20 17:10:40	anonymous		kwarantäne	Hessen	Hessen	18-30
570	3.27.20 17:17:01	3.27.20 17:18:07	anonymous		karantäne	Hessen	Nordrhein-Westfalen	31-40
571	3.27.20 17:20:13	3.27.20 17:20:59	anonymous		karantäne	Bayern	Bayern	51-60
572	3.27.20 18:14:13	3.27.20 18:15:17	anonymous		karantäne	Brandenburg	Sachsen	31-40
573	3.27.20 19:15:21	3.27.20 19:15:43	anonymous		kwarantäne	Bayern	Bayern	18-30
574	3.27.20 19:21:37	3.27.20 19:22:14	anonymous		karantäne	Niedersachsen	Hessen	18-30
575	3.27.20 19:12:58	3.27.20 19:44:57	anonymous		karantäne	Nordrhein-Westfalen	Berlin	31-40
576	3.27.20 20:00:31	3.27.20 20:00:51	anonymous		kwarantäne	Rheinland-Pfalz	Rheinland-Pfalz	31-40
577	3.27.20 20:21:51	3.27.20 20:22:51	anonymous		karantäne	Hessen	Berlin	51-60
578	3.27.20 20:34:07	3.27.20 20:34:23	anonymous		karantäne	Baden-Württemberg	Nordrhein-Westfalen	18-30
579	3.27.20 20:51:18	3.27.20 20:51:45	anonymous		karantäne	Nordrhein-Westfalen	Nordrhein-Westfalen	31-40
580	3.27.20 21:18:50	3.27.20 21:19:11	anonymous		kwarantäne	Baden-Württemberg	Baden-Württemberg	18-30
581	3.27.20 21:34:24	3.27.20 21:35:02	anonymous		karantäne	Nordrhein-Westfalen	Nordrhein-Westfalen	31-40
582	3.27.20 21:36:48	3.27.20 21:37:15	anonymous		karantäne	Mecklenburg-Vorpommern	Mecklenburg-Vorpommern	31-40
583	3.27.20 21:48:56	3.27.20 21:49:28	anonymous		kwarantäne	Berlin	Berlin	18-30
584	3.27.20 22:02:13	3.27.20 22:02:49	anonymous		karantäne	Berlin	Berlin	41-50
585	3.27.20 22:03:22	3.27.20 22:06:51	anonymous		karantäne	Saarland	Saarland	31-40
586	3.27.20 22:08:20	3.27.20 22:09:06	anonymous		karantäne	Brandenburg	Schweiz	41-50
587	3.27.20 22:12:46	3.27.20 22:13:22	anonymous		karantäne	Nordrhein-Westfalen	Nordrhein-Westfalen	18-30
588	3.27.20 22:19:31	3.27.20 22:19:51	anonymous		karantäne	Sachsen	Sachsen	18-30
589	3.27.20 22:20:28	3.27.20 22:21:34	anonymous		kwarantäne	Bayern	Berlin	31-40
590	3.27.20 22:45:14	3.27.20 22:46:26	anonymous		karantäne	Hessen	Hessen	31-40
591	3.27.20 22:49:46	3.27.20 22:50:09	anonymous		karantäne	Schleswig-Holstein	Hamburg	31-40
592	3.27.20 23:42:10	3.27.20 23:42:45	anonymous		karantäne	Nordrhein-Westfalen	Nordrhein-Westfalen	41-50
593	3.27.20 23:46:00	3.27.20 23:48:55	anonymous		karantäne	Hessen	Hessen	31-40
594	3.27.20 23:56:13	3.27.20 23:56:50	anonymous		kwarantäne	Baden-Württemberg	Baden-Württemberg	18-30
595	3.28.20 0:28:47	3.28.20 0:29:24	anonymous		karantäne	Wien 	Österreich 	31-40
596	3.28.20 0:38:11	3.28.20 0:38:27	anonymous		karantäne	Bayern	Bayern	18-30
597	3.28.20 0:51:53	3.28.20 0:53:08	anonymous		karantäne	Rheinland-Pfalz	Hessen	18-30
598	3.28.20 0:43:17	3.28.20 1:18:50	anonymous		karantäne	Berlin	Berlin	31-40
599	3.28.20 1:30:09	3.28.20 1:30:46	anonymous		karantäne	Hamburg	Hamburg	31-40
600	3.28.20 2:12:44	3.28.20 2:13:34	anonymous		karantäne	Baden-Württemberg	Sachsen	41-50
601	3.28.20 2:20:29	3.28.20 2:21:12	anonymous		kwarantäne	Baden-Württemberg	Baden-Württemberg	41-50
602	3.28.20 2:29:31	3.28.20 2:30:08	anonymous		karantäne	Niedersachsen	Niedersachsen	41-50
603	3.28.20 2:37:04	3.28.20 2:37:57	anonymous		kwarantäne	Bayern	Bayern	31-40
604	3.28.20 2:50:56	3.28.20 2:51:20	anonymous		kwarantäne	Bayern	Bayern	41-50
605	3.28.20 2:55:08	3.28.20 2:55:46	anonymous		karantäne	Nordrhein-Westfalen	Nordrhein-Westfalen	31-40
606	3.28.20 3:33:47	3.28.20 3:34:26	anonymous		karantäne	Sachsen	Sachsen	41-50
607	3.28.20 4:31:51	3.28.20 4:32:42	anonymous		karantäne	Nordrhein-Westfalen	Sachsen	18-30
608	3.28.20 4:52:02	3.28.20 4:53:08	anonymous		kwarantäne	Sachsen	Sachsen	51-60
609	3.28.20 4:58:06	3.28.20 4:59:09	anonymous		kwarantäne	Nordrhein-Westfalen	Nordrhein-Westfalen	41-50
610	3.28.20 5:06:47	3.28.20 5:07:38	anonymous		karantäne	Sachsen	Hamburg	41-50
611	3.28.20 5:07:44	3.28.20 5:08:01	anonymous		karantäne	Baden-Württemberg	Hamburg	51-60
612	3.28.20 5:08:03	3.28.20 5:08:17	anonymous		karantäne	Hamburg	Hamburg	Unter 18
613	3.28.20 5:27:54	3.28.20 5:28:31	anonymous		karantäne	Bayern	Bayern	41-50
614	3.28.20 6:26:20	3.28.20 6:27:17	anonymous		karantäne	Sachsen	Hamburg	41-50
615	3.28.20 6:36:54	3.28.20 6:37:40	anonymous		kwarantäne	Bayern	Zürich 	31-40
616	3.28.20 6:53:21	3.28.20 6:53:48	anonymous		karantäne	Nordrhein-Westfalen	Nordrhein-Westfalen	31-40
617	3.28.20 6:58:45	3.28.20 7:02:32	anonymous		karantäne	Sachsen	Baden-Württemberg	41-50
618	3.28.20 7:11:50	3.28.20 7:12:43	anonymous		karantäne	Niedersachsen	Hessen	31-40
619	3.28.20 7:19:52	3.28.20 7:20:25	anonymous		karantäne	Rheinland-Pfalz	Niedersachsen	51-60
620	3.28.20 7:37:21	3.28.20 7:37:51	anonymous		karantäne	Nordrhein-Westfalen	Nordrhein-Westfalen	41-50
621	3.28.20 7:46:42	3.28.20 7:47:15	anonymous		karantäne	Sachsen	Bremen	41-50
622	3.28.20 7:51:13	3.28.20 7:52:11	anonymous		karantäne	Baden-Württemberg	Baden-Württemberg	41-50
623	3.28.20 7:52:58	3.28.20 7:53:43	anonymous		kwarantäne	Berlin	Berlin	51-60
624	3.28.20 7:57:36	3.28.20 7:58:37	anonymous		karantäne	Bremen	Bremen	51-60
625	3.28.20 8:02:27	3.28.20 8:03:19	anonymous		karantäne	Sachsen-Anhalt	Sachsen	51-60
626	3.28.20 8:06:39	3.28.20 8:07:17	anonymous		karantäne	Baden-Württemberg	Baden-Württemberg	41-50
627	3.28.20 8:06:57	3.28.20 8:07:47	anonymous		karantäne	Niedersachsen	Niedersachsen	51-60
628	3.28.20 8:07:29	3.28.20 8:08:00	anonymous		karantäne	Nordrhein-Westfalen	Nordrhein-Westfalen	41-50
629	3.28.20 8:06:51	3.28.20 8:08:53	anonymous		karantäne	Sachsen	Sachsen	31-40
630	3.28.20 8:14:45	3.28.20 8:15:37	anonymous		kwarantäne	Sachsen	Sachsen	41-50
631	3.28.20 8:17:07	3.28.20 8:17:50	anonymous		karantäne	Bayern	Bayern	51-60
632	3.28.20 8:18:48	3.28.20 8:19:16	anonymous		karantäne	Bayern	Hessen	41-50
633	3.28.20 8:24:03	3.28.20 8:26:56	anonymous		karantäne	Baden-Württemberg	Baden-Württemberg	31-40
634	3.28.20 8:29:49	3.28.20 8:31:08	anonymous		karantäne	Bayern	Bayern	31-40
635	3.28.20 8:31:02	3.28.20 8:31:28	anonymous		karantäne	Hessen	Hessen	51-60
636	3.28.20 8:31:02	3.28.20 8:31:28	anonymous		karantäne	Hessen	Hessen	51-60
637	3.28.20 8:31:28	3.28.20 8:33:24	anonymous		karantäne	Nordrhein-Westfalen	Nordrhein-Westfalen	41-50
638	3.28.20 8:46:02	3.28.20 8:46:37	anonymous		kwarantäne	Nordrhein-Westfalen	Berlin	51-60
639	3.28.20 8:53:08	3.28.20 8:53:48	anonymous		karantäne	Saarland	Saarland	51-60
640	3.28.20 8:53:30	3.28.20 8:53:51	anonymous		karantäne	Niedersachsen	Niedersachsen	31-40
641	3.28.20 9:02:37	3.28.20 9:03:13	anonymous		karantäne	Baden-Württemberg	Baden-Württemberg	41-50
642	3.28.20 9:02:53	3.28.20 9:03:29	anonymous		kwarantäne	Österreich	Nordrhein-Westfalen	51-60
643	3.28.20 9:04:53	3.28.20 9:05:50	anonymous		kwarantäne	Nordrhein-Westfalen	Niedersachsen	51-60
644	3.28.20 9:06:59	3.28.20 9:07:28	anonymous		karantäne	Nordrhein-Westfalen	Nordrhein-Westfalen	31-40
645	3.28.20 9:08:27	3.28.20 9:09:17	anonymous		karantäne	Hamburg	Schleswig-Holstein	31-40
646	3.28.20 9:10:53	3.28.20 9:11:32	anonymous		karantäne	Sachsen-Anhalt	Bayern	41-50
647	3.28.20 9:16:06	3.28.20 9:16:55	anonymous		karantäne	Baden-Württemberg	Schleswig-Holstein	41-50
648	3.28.20 9:23:54	3.28.20 9:24:42	anonymous		karantäne	Sachsen	Sachsen	31-40
649	3.28.20 9:28:37	3.28.20 9:29:07	anonymous		karantäne	Niedersachsen	Niedersachsen	51-60
650	3.28.20 9:29:57	3.28.20 9:30:49	anonymous		karantäne	Nordrhein-Westfalen	Nordrhein-Westfalen	41-50
651	3.28.20 9:30:43	3.28.20 9:31:49	anonymous		karantäne	Hessen	Hessen	61-70
652	3.28.20 9:31:41	3.28.20 9:32:18	anonymous		karantäne	Berlin	Berlin	31-40
653	3.28.20 9:34:10	3.28.20 9:34:51	anonymous		karantäne	Rheinland-Pfalz	Berlin	31-40
654	3.28.20 9:34:26	3.28.20 9:35:14	anonymous		karantäne	Nordrhein-Westfalen	Nordrhein-Westfalen	31-40
655	3.28.20 9:34:42	3.28.20 9:35:14	anonymous		karantäne	Nordrhein-Westfalen	Nordrhein-Westfalen	51-60
656	3.28.20 9:35:07	3.28.20 9:36:04	anonymous		kwarantäne	Sachsen	Sachsen	18-30
657	3.28.20 9:39:13	3.28.20 9:40:13	anonymous		karantäne	Hamburg	Sachsen	31-40
658	3.28.20 9:40:23	3.28.20 9:41:21	anonymous		karantäne	Baden-Württemberg	Baden-Württemberg	31-40
659	3.28.20 9:43:27	3.28.20 9:43:52	anonymous		kwarantäne	Bayern	Bayern	51-60
660	3.28.20 9:35:02	3.28.20 9:45:06	anonymous		karantäne	Nordrhein-Westfalen	Baden-Württemberg	41-50
661	3.28.20 9:50:42	3.28.20 9:51:21	anonymous		kwarantäne	Sachsen	Sachsen	51-60
662	3.28.20 9:56:50	3.28.20 9:57:29	anonymous		kwarantäne	Hessen	Nordrhein-Westfalen	18-30
663	3.28.20 9:58:55	3.28.20 9:59:43	anonymous		kwarantäne	Hessen	Hessen	41-50
664	3.28.20 10:08:16	3.28.20 10:09:05	anonymous		karantäne	Nordrhein-Westfalen	Nordrhein-Westfalen	41-50
665	3.28.20 10:10:18	3.28.20 10:10:55	anonymous		karantäne	Nordrhein-Westfalen	Nordrhein-Westfalen	51-60
666	3.28.20 10:14:11	3.28.20 10:14:52	anonymous		karantäne	Baden-Württemberg	Baden-Württemberg	51-60
667	3.28.20 10:17:33	3.28.20 10:19:46	anonymous		kwarantäne	Österreich	Österreich	51-60
668	3.28.20 10:26:23	3.28.20 10:27:11	anonymous		karantäne	Belgien	Belgien	41-50
669	3.28.20 11:02:16	3.28.20 11:03:31	anonymous		kwarantäne	Sachsen-Anhalt	Sachsen-Anhalt	18-30
670	3.28.20 11:26:29	3.28.20 11:27:02	anonymous		karantäne	Sachsen	Sachsen	18-30
671	3.28.20 11:28:11	3.28.20 11:28:46	anonymous		kwarantäne	Sachsen	Sachsen	31-40
672	3.28.20 11:30:26	3.28.20 11:31:09	anonymous		karantäne	Rheinland-Pfalz	Hessen	41-50
673	3.28.20 11:45:15	3.28.20 11:45:37	anonymous		karantäne	Baden-Württemberg	Baden-Württemberg	18-30
674	3.28.20 11:48:08	3.28.20 11:49:29	anonymous		karantäne	Nordrhein-Westfalen	Berlin	31-40
675	3.28.20 11:51:10	3.28.20 11:52:07	anonymous		karantäne	Brandenburg	Schweiz	31-40
676	3.28.20 12:05:54	3.28.20 12:06:28	anonymous		kwarantäne	Nordrhein-Westfalen	Nordrhein-Westfalen	18-30
677	3.28.20 12:18:51	3.28.20 12:19:31	anonymous		karantäne	Baden-Württemberg	Baden-Württemberg	80+
678	3.28.20 12:24:39	3.28.20 12:26:27	anonymous		kwarantäne	Bayern	Bayern	41-50
679	3.28.20 12:32:28	3.28.20 12:33:07	anonymous		karantäne	Baden-Württemberg	Baden-Württemberg	31-40
680	3.28.20 12:40:25	3.28.20 12:41:03	anonymous		kwarantäne	Bayern	Bayern	41-50
681	3.28.20 12:55:58	3.28.20 12:56:26	anonymous		karantäne	Bayern	Bayern	31-40
682	3.28.20 12:59:24	3.28.20 12:59:51	anonymous		karantäne	Baden-Württemberg	Baden-Württemberg	41-50
683	3.28.20 13:05:04	3.28.20 13:05:48	anonymous		karantäne	Bremen	Nordrhein-Westfalen	41-50
684	3.28.20 13:06:06	3.28.20 13:06:57	anonymous		kwarantäne	Berlin	Hessen	41-50
685	3.28.20 13:33:27	3.28.20 13:33:52	anonymous		karantäne	Nordrhein-Westfalen	Nordrhein-Westfalen	18-30
686	3.28.20 14:03:39	3.28.20 14:04:21	anonymous		karantäne	Nordrhein-Westfalen	Nordrhein-Westfalen	51-60
687	3.28.20 14:33:20	3.28.20 14:34:18	anonymous		karantäne	Niedersachsen	Baden-Württemberg	41-50
688	3.28.20 14:37:36	3.28.20 14:38:27	anonymous		karantäne	Nordrhein-Westfalen	Baden-Württemberg	51-60
689	3.28.20 14:56:31	3.28.20 14:57:43	anonymous		karantäne	Niedersachsen	Schleswig-Holstein	41-50
690	3.28.20 16:27:35	3.28.20 16:28:05	anonymous		karantäne	Berlin	Berlin	61-70
691	3.28.20 16:28:39	3.28.20 16:29:24	anonymous		karantäne	Niedersachsen	Niedersachsen	18-30
692	3.28.20 16:30:13	3.28.20 16:30:40	anonymous		kwarantäne	Sachsen	Sachsen	18-30
693	3.28.20 17:20:35	3.28.20 17:20:59	anonymous		karantäne	Nordrhein-Westfalen	Nordrhein-Westfalen	51-60
694	3.28.20 18:04:57	3.28.20 18:05:56	anonymous		karantäne	Niedersachsen	Niedersachsen	31-40
695	3.28.20 18:46:44	3.28.20 18:47:11	anonymous		karantäne	Berlin	Berlin	41-50
696	3.28.20 19:05:05	3.28.20 19:05:29	anonymous		karantäne	Schleswig-Holstein	Berlin	18-30
697	3.28.20 19:13:17	3.28.20 19:13:42	anonymous		karantäne	Berlin	Berlin	31-40
698	3.28.20 22:38:24	3.28.20 22:38:42	anonymous		kwarantäne	Bayern	Bayern	18-30
699	3.29.20 2:55:08	3.29.20 2:55:47	anonymous		kwarantäne	Wien	Wien	51-60
700	3.29.20 7:45:00	3.29.20 7:46:00	anonymous		karantäne	Sachsen	Berlin	18-30
701	3.29.20 9:09:27	3.29.20 9:10:05	anonymous		karantäne	Nordrhein-Westfalen	Niedersachsen	61-70
702	3.29.20 9:38:30	3.29.20 9:38:59	anonymous		karantäne	Nordrhein-Westfalen	Nordrhein-Westfalen	31-40
703	3.29.20 12:28:34	3.29.20 12:28:50	anonymous		karantäne	Bayern	Bayern	18-30
704	3.29.20 13:43:15	3.29.20 13:43:37	anonymous		karantäne	Nordrhein-Westfalen	Nordrhein-Westfalen	31-40
705	3.29.20 13:43:42	3.29.20 13:44:14	anonymous		karantäne	Nordrhein-Westfalen	Nordrhein-Westfalen	31-40
706	3.29.20 13:48:53	3.29.20 13:51:27	anonymous		karantäne	Niedersachsen	Berlin	31-40
707	3.29.20 16:54:48	3.29.20 16:55:28	anonymous		kwarantäne	Bayern	Berlin	51-60
708	3.29.20 17:23:25	3.29.20 17:24:36	anonymous		karantäne	Österreich	Nordrhein-Westfalen	41-50
709	3.29.20 22:25:28	3.29.20 22:26:41	anonymous		karantäne	Baden-Württemberg	Baden-Württemberg	41-50
710	3.29.20 23:20:18	3.29.20 23:20:53	anonymous		kwarantäne	Bayern	Hamburg	18-30
711	3.30.20 0:13:39	3.30.20 0:14:19	anonymous		kwarantäne	Nordrhein-Westfalen	Nordrhein-Westfalen	31-40
712	3.30.20 0:43:33	3.30.20 0:44:41	anonymous		karantäne	Sachsen	Sachsen	18-30
713	3.30.20 9:47:47	3.30.20 9:48:12	anonymous		karantäne	Sachsen	Bremen	41-50
714	3.31.20 3:45:41	3.31.20 3:47:32	anonymous		karantäne	Nordrhein-Westfalen	Mecklenburg-Vorpommern	18-30
715	3.31.20 10:03:53	3.31.20 10:05:28	anonymous		karantäne	Hamburg	Hamburg	51-60
716	3.31.20 13:21:40	3.31.20 13:30:13	anonymous		kwarantäne	Thüringen	Sachsen	31-40
717	3.31.20 13:48:01	3.31.20 13:50:55	anonymous		karantäne	Nordrhein-Westfalen	Berlin	61-70
718	3.31.20 19:42:29	3.31.20 19:43:08	anonymous		kwarantäne	Bayern	Berlin	51-60
719	3.31.20 23:04:49	3.31.20 23:06:24	anonymous		kwarantäne	Rheinland-Pfalz	Nordrhein-Westfalen	18-30
720	3.31.20 23:46:34	3.31.20 23:47:10	anonymous		kwarantäne	Sachsen	Sachsen	61-70
721	4.1.20 8:59:47	4.1.20 9:01:53	anonymous		kwarantäne	Sachsen	Berlin	31-40
722	4.1.20 9:18:47	4.1.20 9:19:09	anonymous		kwarantäne	Sachsen	Sachsen	18-30
723	4.1.20 10:58:39	4.1.20 10:59:27	anonymous		karantäne	Rheinland-Pfalz	Berlin	41-50
724	4.1.20 14:59:54	4.1.20 15:02:21	anonymous		karantäne	Nordrhein-Westfalen	Hessen	51-60
725	4.1.20 18:41:17	4.1.20 18:42:12	anonymous		karantäne	Sachsen	Sachsen	31-40
726	4.1.20 18:53:17	4.1.20 18:54:01	anonymous		kwarantäne	Mecklenburg-Vorpommern	Thüringen	51-60
727	4.1.20 18:54:09	4.1.20 18:54:37	anonymous		karantäne	Thüringen	Thüringen	51-60
728	4.1.20 21:40:03	4.1.20 21:40:40	anonymous		karantäne	Berlin	Berlin	51-60
729	4.1.20 21:45:21	4.1.20 21:47:08	anonymous		karantäne	Mecklenburg-Vorpommern	Berlin	61-70
730	4.1.20 23:06:44	4.1.20 23:07:19	anonymous		karantäne	Bayern	Nordrhein-Westfalen	31-40
731	4.2.20 9:37:58	4.2.20 9:38:41	anonymous		kwarantäne	Sachsen	Sachsen	41-50
732	4.2.20 14:06:24	4.2.20 14:06:56	anonymous		kwarantäne	Sachsen-Anhalt	Hamburg	31-40
733	4.2.20 14:12:11	4.2.20 14:12:44	anonymous		karantäne	Rheinland-Pfalz	Nordrhein-Westfalen	31-40
734	4.3.20 0:29:32	4.3.20 0:30:31	anonymous		karantäne	Baden-Württemberg	Baden-Württemberg	41-50
735	4.3.20 2:29:16	4.3.20 2:30:26	anonymous		kwarantäne	Baden-Württemberg	Bayern	31-40
736	4.3.20 3:08:43	4.3.20 3:09:26	anonymous		karantäne	Rheinland-Pfalz	Baden-Württemberg	31-40
737	4.3.20 6:56:24	4.3.20 6:56:50	anonymous		karantäne	Rheinland-Pfalz	Rheinland-Pfalz	41-50
738	4.3.20 7:33:40	4.3.20 7:34:12	anonymous		kwarantäne	Mecklenburg-Vorpommern	Baden-Württemberg	41-50
739	4.3.20 7:41:00	4.3.20 7:41:22	anonymous		kwarantäne	Sachsen	Nordrhein-Westfalen	41-50
740	4.3.20 7:54:05	4.3.20 7:54:36	anonymous		kwarantäne	Baden-Württemberg	Baden-Württemberg	51-60
741	4.3.20 8:01:50	4.3.20 8:02:08	anonymous		kwarantäne	Baden-Württemberg	Baden-Württemberg	41-50
742	4.3.20 8:24:30	4.3.20 8:25:01	anonymous		karantäne	Baden-Württemberg	Baden-Württemberg	51-60
743	4.3.20 8:26:56	4.3.20 8:27:32	anonymous		karantäne	Nordrhein-Westfalen	Nordrhein-Westfalen	41-50
744	4.3.20 8:32:04	4.3.20 8:32:53	anonymous		karantäne	Hessen	Frankreich	31-40
745	4.3.20 8:40:51	4.3.20 8:41:56	anonymous		kwarantäne	Bayern	Bayern	18-30
746	4.3.20 8:49:16	4.3.20 8:49:39	anonymous		kwarantäne	Sachsen	Sachsen	31-40
747	4.3.20 8:54:59	4.3.20 8:55:18	anonymous		karantäne	Bayern	Bayern	18-30
748	4.3.20 10:58:40	4.3.20 10:59:13	anonymous		karantäne	Nordrhein-Westfalen	Nordrhein-Westfalen	18-30
749	4.3.20 11:04:39	4.3.20 11:05:02	anonymous		karantäne	Niedersachsen	Niedersachsen	18-30
750	4.3.20 11:55:54	4.3.20 11:56:33	anonymous		kwarantäne	Sachsen	Sachsen	51-60
751	4.3.20 14:45:47	4.3.20 14:46:08	anonymous		karantäne	Saarland	Saarland	18-30
752	4.3.20 15:30:49	4.3.20 15:32:41	anonymous		karantäne	Als Belgier in Nordrhein-Westfalen	Als Belgier (Flame) in Nordrhein-Westfalen	51-60
753	4.4.20 0:48:55	4.4.20 0:50:21	anonymous		karantäne	Sachsen	Brandenburg	31-40
754	4.4.20 7:08:29	4.4.20 7:09:14	anonymous		karantäne	Thüringen	Sachsen-Anhalt	41-50
755	4.4.20 7:12:46	4.4.20 7:13:17	anonymous		karantäne	Thüringen	Sachsen-Anhalt	31-40
756	4.4.20 12:20:31	4.4.20 12:21:06	anonymous		kwarantäne	Niedersachsen	Nordrhein-Westfalen	31-40
757	4.4.20 13:18:07	4.4.20 13:18:51	anonymous		karantäne	Nordrhein-Westfalen	Nordrhein-Westfalen	18-30
758	4.4.20 14:40:49	4.4.20 14:41:13	anonymous		karantäne	Hamburg	Hamburg	41-50
759	4.4.20 17:12:51	4.4.20 17:13:58	anonymous		karantäne	Sachsen	Sachsen	31-40
760	4.4.20 18:44:27	4.4.20 19:09:13	anonymous		karantäne	Niedersachsen	Berlin	18-30
761	4.6.20 0:19:36	4.6.20 0:28:24	anonymous		karantäne	Österreich	Berlin	51-60
762	4.6.20 10:57:49	4.6.20 10:58:17	anonymous		karantäne	Niedersachsen	Schleswig-Holstein	31-40
763	4.6.20 17:40:26	4.6.20 17:41:07	anonymous		karantäne	Baden-Württemberg	Baden-Württemberg	31-40
764	4.7.20 10:16:33	4.7.20 10:17:18	anonymous		karantäne	Bayern	Schweiz	18-30
765	4.7.20 12:05:56	4.7.20 12:06:57	anonymous		mal so mal so, meist karantäne	Schleswig-Holstein	Nordrhein-Westfalen	18-30
766	4.7.20 12:39:22	4.7.20 12:40:11	anonymous		karantäne	Nordrhein-Westfalen	Rheinland-Pfalz	31-40
767	4.7.20 14:07:18	4.7.20 14:13:45	anonymous		karantäne	Sachsen	Sachsen	18-30
768	4.8.20 9:06:06	4.8.20 9:06:57	anonymous		kwarantäne	Bayern	Bayern	18-30
769	4.8.20 9:55:14	4.8.20 9:55:45	anonymous		karantäne	Sachsen	Sachsen	31-40
770	4.8.20 15:27:39	4.8.20 15:28:22	anonymous		kuaranda	Nordrhein-Westfalen	Rheinland-Pfalz	31-40
771	4.8.20 20:37:01	4.8.20 20:37:20	anonymous		karantäne	Nordrhein-Westfalen	Nordrhein-Westfalen	18-30
772	4.9.20 16:02:14	4.9.20 16:15:06	anonymous		kwarantäne	Mecklenburg-Vorpommern	Berlin	51-60
773	4.10.20 19:03:02	4.10.20 19:16:24	anonymous		karantäne	Nordrhein-Westfalen	Nordrhein-Westfalen	18-30